Date,Type,Route Name,Distance (mi),Duration,Average Pace,Average Speed (mph),Calories Burned,Climb (ft),Average Heart Rate (bpm),Notes,GPX File
2015-09-13 07:22:46,Cycling,,20.31,1:43:30,5:06,11.77,914.0,625.85,,,2015-09-13-0722.gpx
2015-09-07 09:02:31,Running,"Home 2mi",2.04,17:54,8:46,6.85,287.0,30.55,,,2015-09-07-0902.gpx
2015-09-06 07:48:38,Cycling,,15.67,1:02:54,4:01,14.95,682.0,320.62,,,2015-09-06-0748.gpx
2015-09-05 09:21:13,Running,"Home 2mi",2.04,18:42,9:10,6.54,288.0,36.69,,,2015-09-05-0921.gpx
2015-09-03 06:19:25,Running,"Home 2mi",2.05,19:27,9:30,6.31,287.0,31.09,,,2015-09-03-0619.gpx
2015-09-01 06:48:59,Running,,0.93,8:38,9:19,6.43,127.0,21.86,,,2015-09-01-0648.gpx
2015-08-30 08:46:55,Running,,1.18,10:35,8:57,6.71,167.0,16.77,,,2015-08-30-0846.gpx
2015-08-29 07:43:51,Cycling,,22.06,1:29:18,4:03,14.82,976.0,396.82,,,2015-08-29-0743.gpx
2015-08-26 07:14:59,Running,,1.18,10:56,9:18,6.45,162.0,8.64,,,2015-08-26-0714.gpx
2015-08-25 06:34:13,Running,,1.16,11:39,10:01,5.99,162.0,16.77,,,2015-08-25-0634.gpx
2015-08-21 09:00:08,Running,,1.29,11:59,9:19,6.44,186.0,80.45,,,2015-08-21-0900.gpx
2015-08-16 08:13:43,Cycling,,9.44,49:06,5:12,11.53,422.0,126.64,,,2015-08-16-0813.gpx
2015-08-13 08:02:38,Running,,2.42,28:47,11:53,5.05,328.0,53.10,,,2015-08-13-0802.gpx
2015-08-07 07:25:35,Cycling,,3.87,28:33,7:22,8.14,192.0,71.72,,,2015-08-07-0725.gpx
2015-08-04 06:45:33,Running,"Home 2mi",2.02,20:09,9:59,6.01,283.0,30.82,,,2015-08-04-0645.gpx
2015-08-01 09:00:22,Cycling,,7.33,30:11,4:07,14.58,312.0,117.70,,,2015-08-01-0900.gpx
2015-07-28 07:10:38,Running,"Home 2mi",2.06,19:52,9:38,6.23,284.0,29.73,,,2015-07-28-0710.gpx
2015-07-26 17:39:57,Running,,2.05,18:49,9:11,6.54,288.0,36.44,,,2015-07-26-1739.gpx
2015-07-25 08:24:09,Cycling,,6.34,33:47,5:20,11.25,292.0,106.01,,,2015-07-25-0824.gpx
2015-07-24 07:03:39,Running,,2.04,20:00,9:49,6.11,285.0,29.82,,,2015-07-24-0703.gpx
2015-07-22 07:22:53,Running,,1.35,14:08,10:29,5.72,185.0,25.22,,,2015-07-22-0722.gpx
2015-07-18 08:17:28,Cycling,,13.65,1:13:20,5:22,11.17,609.0,352.24,,"Morning ride on Wachusett Greenway",2015-07-18-0817.gpx
2015-07-15 07:41:58,Running,,2.04,19:43,9:41,6.20,282.0,29.64,,,2015-07-15-0741.gpx
2015-07-11 09:03:22,Running,,2.04,18:57,9:16,6.47,286.0,30.36,,,2015-07-11-0903.gpx
2015-07-10 07:50:31,Running,,2.00,19:54,9:57,6.03,285.0,47.45,,,2015-07-10-0750.gpx
2015-07-05 08:16:16,Cycling,,14.07,1:08:19,4:51,12.36,599.0,256.14,,,2015-07-05-0816.gpx
2015-07-03 15:06:27,Running,,1.59,15:33,9:48,6.13,219.0,17.02,,,2015-07-03-1506.gpx
2015-07-02 07:19:19,Running,,1.16,13:13,11:25,5.25,155.0,12.46,,,2015-07-02-0719.gpx
2015-07-01 12:46:02,Running,,2.05,20:40,10:06,5.94,281.0,34.69,,,2015-07-01-1246.gpx
2015-06-29 07:07:51,Running,,2.04,20:46,10:10,5.90,286.0,30.36,,,2015-06-29-0707.gpx
2015-06-25 07:09:24,Running,,1.98,20:14,10:13,5.87,280.0,34.98,,,2015-06-25-0709.gpx
2015-06-24 06:51:04,Running,,2.06,20:12,9:49,6.11,287.0,30.36,,,2015-06-24-0651.gpx
2015-06-22 09:04:56,Cycling,,3.60,19:45,5:30,10.92,165.0,67.50,,,2015-06-22-0904.gpx
2015-06-22 06:07:24,Running,,1.30,19:42,15:07,3.97,153.0,20.54,,,2015-06-22-0607.gpx
2015-06-20 07:33:16,Cycling,,14.93,1:13:03,4:54,12.26,639.0,269.16,,,2015-06-20-0733.gpx
2015-06-19 06:11:43,Running,,1.26,18:01,14:15,4.21,169.0,10.80,,,2015-06-19-0611.gpx
2015-06-16 06:07:34,Running,,0.76,14:24,19:00,3.16,74.0,6.64,,,2015-06-16-0607.gpx
2015-06-14 09:51:42,Cycling,,11.79,57:11,4:51,12.37,520.0,189.38,,,2015-06-14-0951.gpx
2015-06-12 06:13:43,Running,,0.37,7:53,21:27,2.80,36.0,4.96,,,2015-06-12-0613.gpx
2015-06-11 06:17:03,Running,,1.49,22:06,14:48,4.06,166.0,15.64,,,2015-06-11-0617.gpx
2015-06-10 06:15:08,Running,,1.44,20:17,14:07,4.25,172.0,13.36,,,2015-06-10-0615.gpx
2015-05-26 06:00:59,Running,,1.42,21:06,14:54,4.03,163.0,14.00,,,2015-05-26-0600.gpx
2015-05-25 08:48:02,Running,,2.04,19:45,9:41,6.19,286.0,40.35,,,2015-05-25-0848.gpx
2015-05-17 12:59:41,Cycling,,4.38,27:51,6:21,9.44,212.0,94.51,,,2015-05-17-1259.gpx
2015-01-19 12:46:06,Downhill Skiing,,0.40,2:05,5:13,11.50,5.65443218761796,0.00,,,2015-01-19-1246.gpx
2015-01-17 19:29:01,Downhill Skiing,,0.22,2:38,11:58,5.02,6.91153259288512,4.33,,,2015-01-17-1929.gpx
2014-09-28 08:10:44,Cycling,,15.08,1:02:18,4:08,14.52,649.0,242.28,,,2014-09-28-0810.gpx
2014-09-21 08:22:05,Cycling,,15.11,1:19:16,5:15,11.44,684.0,269.22,,,2014-09-21-0822.gpx
2014-09-07 07:09:53,Cycling,,56.78,4:43:45,5:00,12.01,2420.0,1740.02,,,2014-09-07-0709.gpx
2014-09-07 06:26:38,Cycling,,1.76,17:51,10:09,5.91,114.0,29.14,,,2014-09-07-0626.gpx
2014-09-06 15:12:32,Cycling,,8.66,57:10,6:36,9.09,458.0,149.35,,,2014-09-06-1512.gpx
2014-08-28 14:55:56,Cycling,,6.11,57:47,9:27,6.35,338.0,49.99,,,2014-08-28-1455.gpx
2014-08-16 07:38:53,Cycling,,28.52,2:01:58,4:17,14.03,1245.0,579.26,,,2014-08-16-0738.gpx
2014-08-15 21:34:14,Cycling,,2.97,17:19,5:50,10.30,142.0,77.53,,,2014-08-15-2134.gpx
2014-08-15 18:41:18,Cycling,,1.42,8:52,6:16,9.57,69.0,20.57,,,2014-08-15-1841.gpx
2014-08-15 16:23:00,Cycling,,3.18,44:29,13:59,4.29,286.0,91.11,,,2014-08-15-1623.gpx
2014-08-15 08:17:13,Cycling,,3.67,21:10,5:46,10.41,173.0,65.30,,"Great morning for Citibikin",2014-08-15-0817.gpx
2014-08-14 17:48:34,Cycling,,1.67,10:09,6:06,9.84,82.0,27.58,,,2014-08-14-1748.gpx
2014-08-11 14:51:19,Walking,,0.77,7:54,10:18,5.83,89.0,6.09,,,2014-08-11-1451.gpx
2014-08-08 16:12:46,Cycling,,1.84,12:08,6:37,9.08,85.0,25.21,,,2014-08-08-1612.gpx
2014-08-08 15:17:52,Cycling,,5.01,33:25,6:40,8.99,233.0,59.15,,,2014-08-08-1517.gpx
2014-08-08 13:11:03,Cycling,,4.73,24:12,5:07,11.72,212.0,63.31,,,2014-08-08-1311.gpx
2014-08-08 10:44:59,Cycling,,4.68,24:12,5:10,11.61,204.0,48.45,,,2014-08-08-1044.gpx
2014-08-07 11:00:18,Cycling,,0.42,5:06,12:17,4.89,26.0,2.14,,,2014-08-07-1100.gpx
2014-08-07 07:23:27,Running,,1.44,23:48,16:34,3.62,160.0,14.55,,,2014-08-07-0723.gpx
2014-08-06 06:26:03,Running,,1.55,18:14,11:45,5.10,195.0,11.75,,,2014-08-06-0626.gpx
2014-07-30 06:18:39,Running,,1.74,21:36,12:24,4.84,215.0,13.91,,,2014-07-30-0618.gpx
2014-07-29 11:33:39,Cycling,,6.52,57:06,8:46,6.85,328.0,83.33,,,2014-07-29-1133.gpx
2014-07-29 07:55:28,Running,,0.83,13:53,16:45,3.58,89.0,3.86,,,2014-07-29-0755.gpx
2014-07-28 09:37:28,Cycling,,10.23,1:44:06,10:11,5.90,599.0,83.84,,,2014-07-28-0937.gpx
2014-07-28 06:54:02,Running,,1.68,38:47,23:03,2.60,181.0,14.33,,,2014-07-28-0654.gpx
2014-07-20 17:57:17,Running,,1.49,20:41,13:51,4.33,187.0,28.50,,,2014-07-20-1757.gpx
2014-07-18 07:50:22,Cycling,,5.66,52:57,9:21,6.42,361.0,154.18,,,2014-07-18-0750.gpx
2014-07-16 19:13:27,Running,,2.04,17:59,8:49,6.81,276.0,29.91,,,2014-07-16-1913.gpx
2014-07-16 06:51:51,Running,,0.72,9:16,12:57,4.63,87.0,7.64,,,2014-07-16-0651.gpx
2014-07-14 06:25:50,Running,,1.72,19:33,11:22,5.28,215.0,13.91,,,2014-07-14-0625.gpx
2014-07-12 07:27:00,Cycling,,22.98,2:00:00,5:13,11.49,988.0,318.00,,,2014-07-12-0727.gpx
2014-07-10 06:20:47,Running,,1.70,19:33,11:31,5.21,213.0,14.18,,,2014-07-10-0620.gpx
2014-07-09 06:58:27,Running,,0.69,11:25,16:39,3.61,81.0,6.91,,,2014-07-09-0658.gpx
2014-07-05 07:34:08,Cycling,,11.41,1:15:04,6:35,9.12,570.0,202.89,,,2014-07-05-0734.gpx
2014-06-30 06:19:48,Running,,1.37,15:37,11:23,5.27,176.0,13.64,,,2014-06-30-0619.gpx
2014-06-28 07:41:15,Cycling,,21.77,2:34:18,7:05,8.46,1230.0,430.94,,,2014-06-28-0741.gpx
2014-06-23 06:19:14,Running,,0.69,9:24,13:41,4.38,82.0,7.36,,,2014-06-23-0619.gpx
2014-06-19 06:05:09,Running,,2.05,19:07,9:20,6.43,281.0,30.91,,,2014-06-19-0605.gpx
2014-06-17 06:05:17,Running,,2.06,19:50,9:38,6.23,282.0,31.18,,,2014-06-17-0605.gpx
2014-06-14 08:23:39,Cycling,,9.57,49:41,5:12,11.55,418.0,156.64,,,2014-06-14-0823.gpx
2014-06-13 15:36:26,Running,,0.94,8:06,8:35,6.99,124.0,5.22,,,2014-06-13-1536.gpx
2014-06-08 18:19:02,Running,,2.07,26:31,12:49,4.68,254.0,31.88,,,2014-06-08-1819.gpx
2014-05-26 09:06:22,Cycling,,15.45,1:26:21,5:35,10.73,686.0,266.12,,,2014-05-26-0906.gpx
2014-05-25 10:36:46,Hiking,,3.78,3:04:18,48:45,1.23,705.0,245.55,,,2014-05-25-1036.gpx
2014-05-24 19:09:26,Walking,,0.87,22:41,26:07,2.30,84.0,,,,
2014-05-17 13:52:04,Cycling,,9.67,1:51:32,11:32,5.20,662.0,146.05,,,2014-05-17-1352.gpx
2014-04-18 08:59:57,Walking,,2.21,2:05:54,57:05,1.05,356.0,36.45,,,2014-04-18-0859.gpx
2014-04-18 02:07:57,Other,,10.10,4:48,0:29,126.25,104.0,8.35,,,2014-04-18-0207.gpx
2014-04-15 03:17:16,Other,,4.11,70:26:28,1027:46,0.06,41.0,13.54,,,2014-04-15-0317.gpx
2014-04-13 15:45:35,Walking,,0.34,14:30,42:49,1.40,39.0,,,,
2014-04-13 14:27:57,Walking,,2.33,1:10:42,30:22,1.98,232.0,,,,
2014-04-13 09:37:28,Walking,,1.75,23:26,13:22,4.49,119.0,14.94,,,2014-04-13-0937.gpx
2014-04-12 20:28:47,Walking,,1.17,45:04,38:27,1.56,128.0,,,,
2014-04-12 19:44:15,Walking,,0.81,30:40,37:58,1.58,88.0,,,,
2014-04-12 12:24:35,Walking,,1.20,51:20,42:37,1.41,139.0,,,,
2014-04-11 17:34:06,Walking,,0.74,23:23,31:27,1.91,75.0,,,,
2014-04-09 17:37:23,Walking,,0.81,25:25,31:26,1.91,82.0,,,,
2014-04-09 15:22:16,Walking,,2.44,1:19:55,32:45,1.83,250.0,,,,
2014-04-09 13:47:03,Walking,,0.61,16:29,26:55,2.23,60.0,,,,
2014-04-09 08:28:10,Walking,,0.91,31:51,35:07,1.71,96.0,,,,
2014-04-08 16:45:48,Walking,,1.32,41:06,31:09,1.93,133.0,,,,
2014-04-08 15:54:47,Walking,,0.77,23:16,30:18,1.98,77.0,,,,
2014-04-08 12:34:41,Walking,,0.67,19:42,29:24,2.04,66.0,,,,
2014-03-31 13:03:07,Walking,,0.00,0:00,,,0.0,0.00,,,2014-03-31-1303.gpx
2014-03-14 15:48:58,Downhill Skiing,"Home 2mi",1.83,7:55,4:21,13.81,32.0,0.00,,,2014-03-14-1548.gpx
2014-03-13 07:51:05,Walking,,0.46,14:31,31:39,1.90,46.0,,,,
2014-03-08 14:38:25,Running,"Home 2mi",1.94,19:14,9:56,6.04,265.0,28.07,,,2014-03-08-1438.gpx
2014-03-07 08:45:08,Walking,,0.53,22:17,41:50,1.43,61.0,,,,
2014-03-07 08:21:30,Walking,,0.45,14:25,32:13,1.86,46.0,,,,
2014-03-01 19:57:46,Walking,,0.42,14:46,35:13,1.70,45.0,,,,
2014-03-01 09:37:13,Walking,,1.04,18:06,17:23,3.45,100.0,6.82,,,2014-03-01-0937.gpx
2014-02-28 20:44:28,Walking,,1.07,23:02,21:36,2.78,95.0,,,,
2014-02-28 17:16:48,Walking,,1.08,40:21,37:14,1.61,116.0,,,,
2014-02-28 14:47:10,Walking,,0.93,35:22,37:52,1.58,100.0,,,,
2014-02-28 12:43:07,Walking,,0.76,30:53,40:53,1.47,84.0,,,,
2014-02-28 09:17:09,Running,"Home 2mi",2.25,22:32,10:01,5.99,290.0,4.75,,"On sand at Tampa beach",2014-02-28-0917.gpx
2014-02-28 09:06:26,Running,"Home 2mi",0.16,2:37,16:26,3.65,18.0,2.50,,,2014-02-28-0906.gpx
2014-02-28 09:05:26,Running,,2.08,0:00,0:00,âˆž,0.0,,,,
2014-02-28 08:44:12,Walking,,0.65,18:54,29:07,2.06,63.0,,,,
2014-02-27 18:01:58,Walking,,0.61,17:11,28:04,2.14,59.0,,,,
2014-02-27 10:27:23,Walking,,0.61,23:43,38:53,1.54,66.0,,,,
2014-02-26 21:15:47,Walking,,0.34,15:23,44:41,1.34,40.0,,,,
2014-02-25 14:39:22,Walking,,0.42,14:04,33:12,1.81,43.0,,,,
2014-02-24 10:20:08,Walking,,0.35,13:55,39:43,1.51,38.0,,,,
2014-02-24 09:58:26,Walking,,0.63,12:58,20:44,2.89,55.0,,,,
2014-02-22 15:40:20,Running,"Home 2mi",1.36,14:16,10:28,5.73,188.0,26.18,,,2014-02-22-1540.gpx
2014-02-16 15:33:05,Walking,,0.49,20:26,41:27,1.45,55.0,,,,
2014-01-02 09:05:00,Spinning,,0.00,45:00,,,70.0,,,,
2014-01-01 15:58:10,Running,"Home 2mi",2.07,21:07,10:12,5.89,281.0,31.58,,"31 degrees",2014-01-01-1558.gpx
2013-11-24 11:00:27,Running,,3.19,39:07,12:16,4.89,400.0,39.02,,,2013-11-24-1100.gpx
2013-11-02 16:19:33,Hiking,,0.97,34:14,35:16,1.70,153.0,32.40,,,2013-11-02-1619.gpx
2013-10-27 16:21:39,Cycling,,7.80,54:20,6:58,8.61,383.0,125.52,,,2013-10-27-1621.gpx
2013-10-12 08:45:38,Cycling,,12.59,2:16:29,10:50,5.54,818.0,245.18,,,2013-10-12-0845.gpx
2013-09-21 15:11:33,Running,,3.12,33:45,10:49,5.54,409.0,45.58,,,2013-09-21-1511.gpx
2013-09-15 14:14:00,Cycling,,11.00,3:14:19,17:40,3.40,1102.0,191.31,,,2013-09-15-1414.gpx
2013-09-08 07:09:51,Cycling,,41.03,3:14:52,4:45,12.63,1685.0,1247.34,,,2013-09-08-0709.gpx
2013-09-07 09:44:10,Cycling,,9.28,1:22:59,8:57,6.71,498.0,158.52,,,2013-09-07-0944.gpx
2013-09-04 18:05:59,Running,,2.01,17:37,8:47,6.83,261.0,29.18,,,2013-09-04-1805.gpx
2013-09-01 07:33:53,Cycling,,18.62,1:25:19,4:35,13.09,784.0,473.00,,,2013-09-01-0733.gpx
2013-08-24 07:28:33,Cycling,,18.44,1:43:50,5:38,10.66,899.0,435.99,,,2013-08-24-0728.gpx
2013-08-23 08:48:00,Cycling,,3.14,14:56,4:45,12.63,148.0,70.36,,,2013-08-23-0848.gpx
2013-08-21 07:00:11,Running,,1.35,12:37,9:22,6.41,179.0,25.55,,,2013-08-21-0700.gpx
2013-08-15 17:26:12,Cycling,,4.00,31:18,7:50,7.67,214.0,97.02,,,2013-08-15-1726.gpx
2013-08-15 07:36:35,Cycling,,5.06,27:25,5:25,11.06,207.0,74.61,,,2013-08-15-0736.gpx
2013-08-11 16:41:14,Cycling,,1.21,11:43,9:41,6.20,74.0,14.01,,,2013-08-11-1641.gpx
2013-08-11 16:17:53,Cycling,,0.86,4:33,5:19,11.30,34.0,2.52,,,2013-08-11-1617.gpx
2013-08-10 08:26:08,Cycling,,11.91,1:27:03,7:18,8.21,625.0,169.09,,,2013-08-10-0826.gpx
2013-08-09 11:09:48,Cycling,,1.87,13:13,7:03,8.50,91.0,10.19,,,2013-08-09-1109.gpx
2013-08-01 08:45:25,Cycling,,6.17,53:26,8:40,6.92,335.0,142.08,,"Seattle vahey uw trek",2013-08-01-0845.gpx
2013-08-01 08:36:14,Cycling,,0.17,2:40,15:39,3.83,14.0,0.67,,,2013-08-01-0836.gpx
2013-07-30 08:15:23,Cycling,,7.27,1:04:14,8:50,6.79,375.0,110.21,,,2013-07-30-0815.gpx
2013-07-28 07:28:25,Cycling,,20.21,1:37:58,4:51,12.38,797.0,463.93,,,2013-07-28-0728.gpx
2013-07-27 19:43:36,Cycling,,1.23,10:25,8:27,7.11,61.0,27.58,,,2013-07-27-1943.gpx
2013-07-27 18:21:49,Running,"Home 2mi",1.63,16:25,10:05,5.95,213.0,30.00,,,2013-07-27-1821.gpx
2013-07-26 17:45:13,Cycling,,4.77,1:24:09,17:37,3.40,464.0,71.73,,,2013-07-26-1745.gpx
2013-07-26 06:49:39,Running,"Home 2mi",2.05,17:56,8:46,6.85,268.0,30.00,,,2013-07-26-0649.gpx
2013-07-20 07:03:13,Cycling,,19.07,1:41:05,5:18,11.32,795.0,436.98,,,2013-07-20-0703.gpx
2013-07-17 06:19:10,Running,"Home 2mi",2.02,18:20,9:05,6.60,267.0,30.18,,,2013-07-17-0619.gpx
2013-07-12 08:48:14,Cycling,,2.83,19:40,6:58,8.61,147.0,73.14,,,2013-07-12-0848.gpx
2013-07-07 08:28:15,Cycling,,8.86,1:19:30,8:58,6.69,492.0,125.78,,,2013-07-07-0828.gpx
2013-07-06 07:22:21,Cycling,,14.99,1:23:37,5:35,10.75,651.0,272.39,,,2013-07-06-0722.gpx
2013-06-20 18:25:54,Running,"Home 2mi",1.99,17:43,8:54,6.74,262.0,29.45,,,2013-06-20-1825.gpx
2013-06-16 07:24:06,Cycling,,12.55,1:08:35,5:28,10.98,537.0,217.74,,,2013-06-16-0724.gpx
2013-06-12 06:36:25,Running,"Home 2mi",2.01,17:27,8:40,6.92,266.0,30.91,,,2013-06-12-0636.gpx
2013-06-09 07:32:52,Cycling,,14.22,1:53:15,7:58,7.53,787.0,262.18,,,2013-06-09-0732.gpx
2013-06-05 18:38:40,Running,,2.03,18:07,8:56,6.72,271.0,29.64,,,2013-06-05-1838.gpx
2013-06-04 06:39:04,Running,,2.02,18:11,9:00,6.67,268.0,30.45,,,2013-06-04-0639.gpx
2013-06-01 08:21:48,Cycling,,4.76,47:57,10:05,5.95,283.0,76.55,,,2013-06-01-0821.gpx
2013-05-31 06:33:17,Running,,2.05,20:33,10:02,5.98,269.0,31.36,,,2013-05-31-0633.gpx
2013-05-28 06:49:01,Running,,1.25,12:13,9:49,6.12,160.0,11.18,,,2013-05-28-0649.gpx
2013-05-27 07:43:46,Cycling,,7.98,2:12:56,16:40,3.60,518.0,147.09,,,2013-05-27-0743.gpx
2013-03-11 07:01:07,Cycling,,0.00,20:00,,,0.0,,,,
2013-03-01 13:23:41,Downhill Skiing,,1.06,10:26,9:54,6.06,30.0,95.55,,,2013-03-01-1323.gpx
2013-03-01 12:39:10,Downhill Skiing,,2.21,13:45,6:13,9.65,52.0,72.52,,,2013-03-01-1239.gpx
2013-02-27 07:03:55,Cycling,,5.00,20:00,4:00,15.00,246.589186666667,,,,
2013-02-25 07:09:10,Cycling,,0.00,15:00,,,0.0,,,,
2013-02-19 07:11:23,Running,,1.50,20:00,13:20,4.50,172.2412278125,,,,
2013-02-16 12:11:08,Downhill Skiing,,0.74,4:20,5:51,10.25,17.0,0.33,,,2013-02-16-1211.gpx
2013-02-10 12:33:50,Downhill Skiing,,1.18,11:16,9:36,6.25,34.0,117.64,,,2013-02-10-1233.gpx
2013-02-10 12:24:55,Downhill Skiing,,0.70,4:17,6:09,9.75,16.0,0.00,,,2013-02-10-1224.gpx
2013-02-05 07:54:24,Running,,2.20,22:00,10:00,6.00,302.826892685813,,,,
2013-01-31 07:10:48,Cycling,"Ginty 5K",3.08,15:00,4:52,12.32,131.0,58.99,,,2013-01-31-0710.gpx
2013-01-29 07:44:23,Running,,2.09,24:00,11:29,5.22,297.086443763924,,,,
2013-01-28 07:07:00,Cycling,,4.10,15:00,3:40,16.40,242.0,,97,,
2013-01-24 17:52:36,Running,,2.11,22:00,10:26,5.75,289.041137096596,,,"148 bomb",
2013-01-17 17:46:51,Running,,2.14,21:00,9:49,6.11,289.718387638226,,,,
2013-01-10 17:46:45,Running,,1.12,12:42,11:20,5.29,156.665041495609,,,,
2013-01-03 18:07:14,Running,,1.60,17:00,10:37,5.65,220.184632478046,,,,
2012-12-20 18:06:22,Running,,1.60,15:00,9:22,6.40,215.661229420524,,,,
2012-12-20 17:42:51,Running,"Ginty 5K",3.08,16:00,5:12,11.55,394.0,58.99,,,2012-12-20-1742.gpx
2012-10-21 10:03:14,Running,"Ginty 5K",3.17,38:31,12:10,4.93,398.0,78.47,,,2012-10-21-1003.gpx
2012-10-20 15:20:16,Running,,2.06,54:20,26:22,2.28,262.0,23.36,,,2012-10-20-1520.gpx
2012-10-14 08:29:37,Cycling,,9.92,59:58,6:03,9.93,461.0,165.55,,,2012-10-14-0829.gpx
2012-09-29 11:15:00,Cycling,,7.63,1:02:42,8:13,7.30,357.0,112.56,,"kezia wipeout",2012-09-29-1115.gpx
2012-09-22 07:45:40,Cycling,,17.51,1:23:57,4:48,12.51,707.0,411.91,,,2012-09-22-0745.gpx
2012-09-22 07:45:06,Cycling,,0.01,0:09,15:23,3.90,1.0,0.00,,,2012-09-22-0745.gpx
2012-09-21 06:54:00,Running,"Home 2mi",2.04,17:04,8:23,7.16,266.0,30.82,,,2012-09-21-0654.gpx
2012-09-16 17:57:03,Running,,2.62,26:05,9:57,6.03,348.0,40.76,,,2012-09-16-1757.gpx
2012-09-16 12:15:17,Cycling,,7.73,1:20:26,10:24,5.77,454.0,121.30,,,2012-09-16-1215.gpx
2012-09-15 07:53:50,Cycling,,17.85,1:32:08,5:10,11.63,731.0,407.33,,,2012-09-15-0753.gpx
2012-09-13 06:45:13,Running,"Home 2mi",2.03,16:45,8:15,7.27,265.0,29.55,,,2012-09-13-0645.gpx
2012-09-10 08:25:16,Cycling,,3.76,20:32,5:27,11.00,154.0,52.91,,,2012-09-10-0825.gpx
2012-09-09 07:19:58,Cycling,,18.04,2:09:14,7:10,8.37,894.0,552.27,,"Fondo",2012-09-09-0719.gpx
2012-09-08 08:40:38,Cycling,,5.71,1:05:44,11:31,5.21,357.0,81.66,,,2012-09-08-0840.gpx
2012-09-06 18:28:56,Running,,3.12,25:44,8:15,7.28,405.0,36.33,,,2012-09-06-1828.gpx
2012-09-02 08:06:39,Cycling,,5.97,1:02:07,10:25,5.76,366.0,106.45,,,2012-09-02-0806.gpx
2012-09-01 07:26:12,Cycling,,17.91,1:37:30,5:27,11.02,751.0,400.45,,,2012-09-01-0726.gpx
2012-08-31 06:54:01,Running,"Home 2mi",2.04,16:43,8:13,7.30,277.0,30.27,,,2012-08-31-0654.gpx
2012-08-25 07:07:28,Cycling,,13.04,1:23:39,6:25,9.35,616.0,399.97,,,2012-08-25-0707.gpx
2012-08-24 07:06:39,Running,"Home 2mi",2.03,16:50,8:17,7.25,275.0,30.55,,,2012-08-24-0706.gpx
2012-08-22 07:03:03,Running,"Home 2mi",2.02,17:00,8:26,7.12,271.0,30.64,,,2012-08-22-0703.gpx
2012-08-19 07:07:26,Cycling,,17.73,1:40:03,5:39,10.63,739.0,314.68,,,2012-08-19-0707.gpx
2012-08-17 06:51:19,Running,"Home 2mi",2.15,18:00,8:22,7.17,298.0,31.82,,,2012-08-17-0651.gpx
2012-08-12 08:17:19,Cycling,,4.99,46:33,9:19,6.44,254.0,79.00,,"W kezia",2012-08-12-0817.gpx
2012-08-11 07:51:27,Cycling,,11.07,1:07:30,6:06,9.84,499.0,188.53,,,2012-08-11-0751.gpx
2012-08-05 07:53:04,Cycling,,13.06,1:15:32,5:47,10.38,531.0,238.87,,,2012-08-05-0753.gpx
2012-08-01 11:10:43,Running,,2.78,25:31,9:11,6.53,437.0,88.64,,"Morning run SD",2012-08-01-1110.gpx
2012-07-28 09:23:03,Running,,1.97,20:40,10:30,5.71,263.0,53.27,,,2012-07-28-0923.gpx
2012-07-25 07:23:41,Running,,1.89,19:57,10:32,5.70,251.0,18.64,,,2012-07-25-0723.gpx
2012-07-17 07:02:48,Running,,3.83,34:57,9:08,6.57,551.0,77.18,,"Morning run , SFCA",2012-07-17-0702.gpx
2012-07-15 07:30:52,Running,,2.04,16:37,8:10,7.34,319.0,94.95,,,2012-07-15-0730.gpx
2012-07-12 07:22:07,Running,,0.89,9:17,10:27,5.74,144.0,10.64,,,2012-07-12-0722.gpx
2012-07-09 06:42:49,Running,"Home 2mi",2.03,18:08,8:55,6.72,279.0,30.45,,,2012-07-09-0642.gpx
2012-07-07 07:22:29,Cycling,,13.09,1:15:55,5:48,10.34,524.0,242.55,,,2012-07-07-0722.gpx
2012-07-03 06:49:09,Running,"Home 2mi",2.04,17:20,8:31,7.04,279.0,30.91,,,2012-07-03-0649.gpx
2012-07-01 07:10:44,Cycling,"Breve NJ Fondo",20.66,1:59:36,5:47,10.36,858.0,666.73,,"Breve fondo!!!",2012-07-01-0710.gpx
2012-06-30 15:32:52,Running,,1.65,16:30,10:01,5.99,232.0,16.00,,,2012-06-30-1532.gpx
2012-06-29 06:50:17,Running,"Home 2mi",2.03,18:40,9:11,6.53,275.0,30.36,,,2012-06-29-0650.gpx
2012-06-26 17:39:18,Running,"Home 2mi",2.02,17:17,8:34,7.00,275.0,31.27,,,2012-06-26-1739.gpx
2012-06-25 19:33:50,Running,,3.11,26:33,8:31,7.04,406.0,35.52,,,2012-06-25-1933.gpx
2012-06-23 07:48:22,Cycling,,15.11,1:32:56,6:09,9.75,654.0,315.55,,,2012-06-23-0748.gpx
2012-06-22 06:59:58,Running,,2.03,17:39,8:42,6.89,276.0,29.73,,,2012-06-22-0659.gpx
2012-06-19 06:33:14,Running,,2.02,17:35,8:44,6.88,275.0,30.36,,,2012-06-19-0633.gpx
2012-06-18 06:50:15,Running,,1.25,11:07,8:54,6.75,171.0,10.36,,,2012-06-18-0650.gpx
2012-06-16 07:47:45,Cycling,,13.76,1:33:56,6:50,8.79,627.0,258.43,,,2012-06-16-0747.gpx
2012-06-15 06:42:55,Running,,2.02,18:28,9:08,6.56,279.0,30.91,,,2012-06-15-0642.gpx
2012-06-13 09:43:51,Running,,1.00,15:00,15:00,4.00,95.2721672101379,,,,
2012-06-12 06:23:59,Running,,1.57,14:42,9:23,6.40,247.0,59.32,,"Philadelphia. Downtown. ",2012-06-12-0623.gpx
2012-06-10 08:21:33,Cycling,,7.14,46:55,6:34,9.13,311.0,116.59,,,2012-06-10-0821.gpx
2012-06-09 12:21:39,Running,"Home 2mi",1.36,12:43,9:20,6.42,192.0,25.19,,,2012-06-09-1221.gpx
2012-06-05 06:43:56,Running,"Home 2mi",2.03,18:03,8:53,6.75,275.0,29.91,,,2012-06-05-0643.gpx
2012-06-03 08:36:26,Running,"Home 2mi",2.03,17:42,8:43,6.88,276.0,30.18,,,2012-06-03-0836.gpx
2012-06-02 11:01:45,Cycling,,0.66,7:40,11:35,5.18,42.0,6.55,,,2012-06-02-1101.gpx
2012-06-02 09:53:34,Running,,1.49,25:41,17:14,3.48,182.0,12.39,,"Kezia",2012-06-02-0953.gpx
2012-05-27 18:08:04,Cycling,,1.81,1:37:30,53:58,1.11,504.0,16.00,,,2012-05-27-1808.gpx
2012-05-22 17:30:28,Running,,1.10,12:00,10:55,5.50,142.684340740352,,,,
2012-05-20 07:53:29,Cycling,,10.52,1:10:07,6:40,9.00,477.0,175.41,,,2012-05-20-0753.gpx
2012-03-30 16:59:01,Running,,2.04,17:58,8:50,6.80,276.0,29.73,,"First spring run !!",2012-03-30-1659.gpx
2012-03-14 17:36:34,Cycling,,1.80,39:53,22:10,2.71,223.0,21.42,,,2012-03-14-1736.gpx
2012-02-24 07:57:14,Running,,3.08,30:02,9:46,6.15,467.0,63.33,,,2012-02-24-0757.gpx
2012-02-23 16:19:44,Cycling,,2.38,31:34,13:15,4.53,171.0,23.45,,,2012-02-23-1619.gpx
2012-02-22 07:44:50,Running,,2.00,18:40,9:20,6.43,252.338773217254,,142,,
2012-02-20 08:20:24,Running,,2.00,18:39,9:19,6.43,252.317605573303,,150,,
2012-02-13 17:24:56,Running,,2.00,18:33,9:17,6.47,252.190599709596,,149,,
2012-02-12 09:07:06,Running,,2.00,18:32,9:16,6.47,252.169432065645,,153,,
2012-02-06 17:27:38,Running,,2.00,18:23,9:11,6.53,251.978923270085,,153,,
2012-02-05 09:34:20,Running,,2.00,18:20,9:10,6.55,251.915420338232,,155,,
2012-02-01 08:05:10,Running,,2.00,18:52,9:26,6.36,252.592784944667,,155,,
2012-01-29 10:58:11,Running,,2.00,18:20,9:10,6.55,44.3512539927481,,155,,
2012-01-22 11:00:03,Downhill Skiing,,0.00,3:00:00,,,0.0,,,,
2012-01-21 16:14:32,Running,,2.00,20:00,10:00,6.00,254.03218473334,,154,,
2012-01-18 17:32:14,Running,,2.00,20:00,10:00,6.00,250.0,,,,
2012-01-10 17:49:57,Running,,1.10,15:00,13:38,4.40,115.131287201807,,,"Didn't feel right. ",
2012-01-01 14:36:16,Running,,0.50,7:34,15:16,3.93,70.0,7.27,,"Kezia",2012-01-01-1436.gpx
2011-12-23 13:36:29,Running,,2.00,20:00,10:00,6.00,254.03218473334,,140,,
2011-11-27 12:51:29,Running,,0.64,10:21,16:06,3.72,92.0,5.36,,"Kezia run",2011-11-27-1251.gpx
2011-11-27 10:09:59,Running,"Home 2mi",2.06,18:36,9:02,6.64,285.0,31.36,,,2011-11-27-1009.gpx
2011-11-26 11:52:41,Other,,1.59,21:41,13:37,4.40,219.0,13.51,,"Half scoot half run w kezia. ",2011-11-26-1152.gpx
2011-11-22 17:46:33,Walking,,2.15,11:27,5:19,11.27,187.0,27.21,,,2011-11-22-1746.gpx
2011-11-21 14:23:41,Walking,,1.39,38:49,27:54,2.15,166.0,26.18,,,2011-11-21-1423.gpx
2011-11-20 10:58:23,Running,,3.21,46:11,14:23,4.17,384.0,38.35,,,2011-11-20-1058.gpx
2011-11-16 17:21:57,Running,,1.25,12:00,9:36,6.25,158.135086139805,,100,"Tread",
2011-11-12 12:32:18,Walking,,1.69,42:18,25:00,2.40,217.0,44.70,,,2011-11-12-1232.gpx
2011-11-11 19:25:35,Running,,1.96,23:00,11:44,5.11,230.0,,,,
2011-09-03 08:06:45,Cycling,,12.95,1:16:41,5:55,10.13,525.0,241.66,,"Loantaka w stop at sw.",2011-09-03-0806.gpx
2011-08-23 17:35:47,Cycling,,3.95,39:23,9:58,6.02,248.0,98.93,,,2011-08-23-1735.gpx
2011-08-23 08:13:14,Cycling,"Home 2mi",3.84,22:33,5:52,10.22,160.0,49.18,,,2011-08-23-0813.gpx
2011-08-07 10:09:00,Cycling,,20.68,3:00:00,8:42,6.89,950.0,159.25,,"epic ride through the French countryside with Airy",2011-08-07-1009.gpx
2011-07-14 19:30:00,Running,"Home 2mi",3.13,26:15,8:23,7.15,435.0,73.82,,,2011-07-14-1930.gpx
2011-07-13 06:40:16,Running,"Home 2mi",2.00,17:05,8:33,7.02,273.0,30.00,,,2011-07-13-0640.gpx
2011-07-09 13:24:15,Cycling,,3.01,29:31,9:48,6.12,167.0,43.94,,"Loantaka",2011-07-09-1324.gpx
2011-07-09 10:49:26,Cycling,,1.82,25:24,13:57,4.30,142.0,29.77,,,2011-07-09-1049.gpx
2011-07-09 07:39:27,Cycling,,10.73,59:43,5:34,10.78,452.0,137.85,,,2011-07-09-0739.gpx
2011-07-07 19:14:00,Running,"Ginty 5K",3.09,26:51,8:41,6.90,430.0,74.99,,,2011-07-07-1914.gpx
2011-07-06 18:24:12,Running,,2.81,24:28,8:42,6.90,380.0,43.73,,,2011-07-06-1824.gpx
2011-07-05 17:44:13,Running,,2.01,16:30,8:13,7.31,271.0,23.18,,,2011-07-05-1744.gpx
2011-07-04 07:52:40,Running,"Home 2mi",1.93,17:16,8:56,6.72,264.0,28.00,,,2011-07-04-0752.gpx
2011-07-02 15:13:23,Running,"Run to Ginty",1.74,14:41,8:27,7.10,239.0,21.69,,,2011-07-02-1513.gpx
2011-07-01 07:23:46,Running,"Home 2mi",1.99,16:59,8:31,7.04,273.0,30.36,,,2011-07-01-0723.gpx
2011-06-29 17:21:55,Running,"Home 2mi",2.01,18:03,8:59,6.68,273.0,29.64,,,2011-06-29-1721.gpx
2011-06-27 19:32:19,Running,,3.10,26:33,8:34,7.01,420.0,50.55,,,2011-06-27-1932.gpx
2011-06-26 10:09:28,Walking,"Home 2mi",0.92,33:18,36:01,1.67,132.0,23.00,,,2011-06-26-1009.gpx
2011-06-24 17:06:55,Running,"Home 2mi",1.91,12:30,6:32,9.18,240.0,25.85,,"Pause in middle",2011-06-24-1706.gpx
2011-06-23 06:39:20,Running,"Home 2mi",1.99,18:59,9:32,6.29,271.0,30.05,,,2011-06-23-0639.gpx
2011-06-22 06:44:38,Running,"Home 2mi",2.00,18:44,9:22,6.41,273.0,29.91,,,2011-06-22-0644.gpx
2011-06-11 09:06:00,Running,,3.06,45:25,14:51,4.04,213.0,8.35,,"Ran with Vienna = her time 45:25",2011-06-11-0906.gpx
2011-06-06 06:49:05,Running,"Home 2mi",2.04,19:23,9:31,6.31,276.0,29.18,,,2011-06-06-0649.gpx
2011-05-30 19:38:18,Cycling,"Home 2mi",1.51,26:01,17:16,3.48,145.0,10.67,,"Oak loop scooter run. ",2011-05-30-1938.gpx
2011-05-20 18:02:14,Running,"Home 2mi",1.97,17:59,9:09,6.55,273.0,28.48,,,2011-05-20-1802.gpx
2011-05-13 06:52:21,Running,"Home 2mi",1.97,18:46,9:31,6.31,270.0,29.09,,,2011-05-13-0652.gpx
2011-05-11 06:51:08,Running,"Home 2mi",1.99,18:54,9:30,6.31,268.0,30.00,,,2011-05-11-0651.gpx
2011-05-09 17:25:13,Cycling,,3.79,24:23,6:26,9.32,220.0,135.00,,,2011-05-09-1725.gpx
2011-05-09 08:38:01,Cycling,,3.78,21:36,5:43,10.50,156.0,51.94,,,2011-05-09-0838.gpx
2011-04-27 16:35:35,Running,,0.24,4:40,19:46,3.04,25.0,0.88,,,2011-04-27-1635.gpx
2011-04-25 17:46:50,Running,,1.18,12:35,10:40,5.62,150.0,8.91,,"Like crap. First run of spring always hard. ",2011-04-25-1746.gpx
2011-04-09 16:00:39,Running,"Ginty 5K",0.52,15:45,30:28,1.97,87.0,4.91,,,2011-04-09-1600.gpx
2010-10-03 10:07:33,Running,"Ginty 5K",3.08,27:01,8:46,6.84,430.0,66.52,,,2010-10-03-1007.gpx
2010-10-02 15:16:33,Running,,2.51,23:11,9:14,6.49,346.0,30.16,,,2010-10-02-1516.gpx
2010-10-01 17:49:23,Running,"Home 2mi",1.99,14:35,7:19,8.21,251.0,18.00,,"got a text in the middle messing up the timing",2010-10-01-1749.gpx
2010-09-28 18:06:16,Running,,1.52,14:44,9:41,6.20,216.0,5.55,,,2010-09-28-1806.gpx
2010-09-25 14:52:45,Cycling,"Home 2mi",0.42,3:34,8:28,7.08,22.0,5.18,,,2010-09-25-1452.gpx
2010-09-25 14:02:04,Cycling,"Home 2mi",6.25,34:12,5:28,10.97,236.0,60.40,,"Loantaka",2010-09-25-1402.gpx
2010-09-07 17:29:40,Running,"Home 2mi",1.96,16:57,8:38,6.95,264.0,23.76,,,2010-09-07-1729.gpx
2010-09-06 13:12:00,Cycling,,1.85,31:46,17:12,3.49,167.0,16.98,,,2010-09-06-1312.gpx
2010-09-05 16:01:17,Cycling,,4.34,35:09,8:06,7.41,185.0,19.09,,"Fun. Biking with k. ",2010-09-05-1601.gpx
2010-08-09 06:43:24,Running,,1.99,17:40,8:53,6.76,280.0,46.00,,,2010-08-09-0643.gpx
2010-08-09 06:42:50,Running,"Home 2mi",0.00,0:00,,,0.0,0.00,,,2010-08-09-0642.gpx
2010-08-03 15:15:22,Cycling,,0.43,7:19,16:55,3.55,18.0,0.77,,,2010-08-03-1515.gpx
2010-08-02 17:31:12,Running,,1.20,12:37,10:32,5.70,168.0,59.00,,,2010-08-02-1731.gpx
2010-07-26 08:33:57,Running,,1.97,17:30,8:54,6.75,272.0,24.96,,,2010-07-26-0833.gpx
2010-07-26 08:28:29,Running,,0.22,2:32,11:38,5.16,24.0,11.39,,"Ankle ?",2010-07-26-0828.gpx
2010-07-20 06:49:15,Running,,2.01,17:09,8:33,7.02,279.0,24.64,,,2010-07-20-0649.gpx
2010-07-15 19:33:00,Running,,3.11,27:05,8:43,6.89,437.0,55.91,,,2010-07-15-1933.gpx
2010-07-14 07:01:15,Running,"Home 2mi",1.99,18:54,9:30,6.32,275.0,26.48,,,2010-07-14-0701.gpx
2010-07-11 09:37:06,Hiking,,2.42,58:01,23:58,2.50,321.0,80.55,,,2010-07-11-0937.gpx
2010-07-09 22:05:47,Walking,,0.15,4:05,27:52,2.15,19.0,7.00,,,2010-07-09-2205.gpx
2010-07-08 19:15:19,Running,,3.10,26:20,8:30,7.06,428.0,59.10,,,2010-07-08-1915.gpx
2010-07-07 06:35:59,Running,,2.47,21:54,8:51,6.78,353.0,42.59,,"Disney",2010-07-07-0635.gpx
2010-06-23 06:47:46,Running,,2.04,18:37,9:08,6.57,288.0,24.18,,,2010-06-23-0647.gpx
2010-06-15 17:47:44,Cycling,,2.18,29:15,13:27,4.46,160.0,24.45,,,2010-06-15-1747.gpx
2010-05-30 12:01:03,Cycling,,5.09,1:22:37,16:15,3.69,357.0,31.57,,,2010-05-30-1201.gpx
2010-05-29 15:25:07,Cycling,,3.54,18:49,5:19,11.27,169.0,26.74,,,2010-05-29-1525.gpx
2010-05-26 06:52:21,Running,,2.03,18:06,8:54,6.74,279.0,18.96,,,2010-05-26-0652.gpx
2010-05-23 15:11:10,Running,,2.04,17:35,8:37,6.97,263.0,10.10,,,2010-05-23-1511.gpx
2010-05-21 06:45:49,Running,,2.06,18:00,8:46,6.85,282.0,51.00,,,2010-05-21-0645.gpx
2010-05-20 06:49:39,Running,,2.00,18:17,9:08,6.57,279.0,51.00,,,2010-05-20-0649.gpx
2010-05-17 06:22:01,Running,,2.01,19:01,9:29,6.33,275.0,45.00,,,2010-05-17-0622.gpx
2010-05-05 06:51:27,Running,,1.96,18:25,9:24,6.39,278.0,41.00,,,2010-05-05-0651.gpx
2010-05-03 17:21:52,Running,,2.01,18:34,9:15,6.49,269.0,24.91,,,2010-05-03-1721.gpx
2010-04-21 17:45:07,Running,,1.90,18:28,9:43,6.18,269.0,20.61,,,2010-04-21-1745.gpx
2010-04-06 06:46:59,Running,,1.97,19:30,9:54,6.06,266.0,24.21,,,2010-04-06-0646.gpx
2010-01-16 14:37:26,Running,,1.33,12:10,9:09,6.56,177.0,21.03,,,2010-01-16-1437.gpx
2010-01-01 14:12:22,Running,,1.08,9:53,9:07,6.58,154.0,8.94,,,2010-01-01-1412.gpx
