"Time","Name","Lon","Lat","Description"
"Thu, 03 Sep 15 21:41:25 +0000","Casa Maya","-74.46948642990877","40.68991562758405","@"
"Sun, 30 Aug 15 16:18:03 +0000","Morristown Bagels And Deli","-74.47566821216118","40.797201765615256","@"
"Fri, 28 Aug 15 17:09:46 +0000","The Committed Pig","-74.48180971216064","40.7969445997993","@"
"Wed, 26 Aug 15 21:37:21 +0000","Jockey Hollow Bar &amp; Kitchen","-74.47731092702732","40.79409595304409","@"
"Wed, 26 Aug 15 13:01:14 +0000","Smartworld Denville","-74.47852435115065","40.8925435186472","@"
"Sat, 22 Aug 15 01:55:55 +0000","Cavallo Point Lodge","-122.47868017184526","37.83728292849707","@"
"Fri, 21 Aug 15 00:55:18 +0000","Osha Thai Noodle Cafe","-122.41350220365685","37.78916498358846","@"
"Thu, 20 Aug 15 03:24:52 +0000","Sanraku","-122.41204756730266","37.788751544023796","@"
"Tue, 18 Aug 15 23:23:07 +0000","Caf de la Presse","-122.40604628809795","37.79002885197718","@"
"Tue, 18 Aug 15 03:53:04 +0000","Elliott Bay Brewhouse and Pub","-122.33479732212086","47.4393557077907","@"
"Mon, 17 Aug 15 17:52:01 +0000","Oak Table Cafe","-123.10757028694688","48.07899750552671","@"
"Sun, 16 Aug 15 16:06:07 +0000","Hurricane Coffee","-123.10253841777524","48.07975410393026","@"
"Wed, 12 Aug 15 21:56:07 +0000","Lake Crescent","-123.79915014864481","48.05737039294192","@"
"Tue, 11 Aug 15 19:44:19 +0000","Starbucks Reserve Roastery &amp; Tasting Room","-122.3281574767149","47.61410221307024","@"
"Tue, 11 Aug 15 03:18:33 +0000","Poppy","-122.32069438621656","47.62472771864087","@"
"Mon, 10 Aug 15 01:47:16 +0000","Big Time Brewery &amp; Alehouse","-122.3135809407579","47.65782316623987","@"
"Mon, 10 Aug 15 00:43:38 +0000","UW: Waterfront Activities Center","-122.29968957375822","47.648375541872845","@"
"Fri, 07 Aug 15 03:43:11 +0000","Harborview Park","-122.32592355011883","47.60398108667414","@"
"Fri, 07 Aug 15 00:13:09 +0000","Anthony's Pier 66 &amp; Bell Street Diner","-122.34841760151876","47.610781992031505","@"
"Wed, 29 Jul 15 17:55:25 +0000","Tiff's Treats","-96.80491342062753","32.783537013721016","@"
"Wed, 29 Jul 15 16:54:36 +0000","CBD Provisions","-96.79964523647239","32.77852982689976","@"
"Wed, 29 Jul 15 15:20:57 +0000","Weekend","-96.80076998669773","32.77789829579001","@"
"Tue, 28 Jul 15 21:35:25 +0000","Jockey Hollow Bar &amp; Kitchen","-74.46347043158173","40.782579574363055","@"
"Sat, 18 Jul 15 17:32:42 +0000","Chips Family Restaurant","-72.65537376672928","41.68530153904832","@"
"Sat, 18 Jul 15 02:31:37 +0000","Wong Dynasty","-71.86282218059901","42.34295271918","@"
"Thu, 16 Jul 15 16:45:11 +0000","Cafe Carriage House","-74.64155570453494","40.64874782010968","@"
"Thu, 16 Jul 15 00:54:56 +0000","H2Ocean Restaurant &amp; Raw Bar","-74.44772254137717","40.82640173547533","@"
"Tue, 14 Jul 15 18:44:37 +0000","Tuthilltown Spirits","-74.1753763084571","41.686592821784124","@"
"Mon, 13 Jul 15 22:03:10 +0000","Cold Spring Lodge","-74.4601045884093","42.07257492189587","@"
"Sun, 12 Jul 15 00:58:27 +0000","MetLife Stadium","-74.07390946207828","40.812547523915576","@"
"Sat, 11 Jul 15 16:00:00 +0000","C'est Cheese","-74.47928559880195","40.79496111083229","@"
"Fri, 10 Jul 15 16:12:49 +0000","Cafe Carriage House","-74.64160716921823","40.648289883292854","@"
"Tue, 07 Jul 15 22:24:15 +0000","Yankee Bar &amp; Grill","-73.92614544183913","40.82728204608008","@"
"Mon, 06 Jul 15 19:00:19 +0000","Kaffe 1668","-74.01151002328518","40.71489722036196","@"
"Sun, 05 Jul 15 18:04:00 +0000","Riverside Coffee &amp; Tea","-74.91174580464677","40.63594459205397","@"
"Wed, 01 Jul 15 00:21:13 +0000","Rita's of Morristown","-74.4771163204925","40.796792376752585","@"
"Sun, 28 Jun 15 23:06:17 +0000","Mamoun's Falafel Restaurant","-72.93454209258101","41.31021272848325","@"
"Sun, 28 Jun 15 00:37:38 +0000","Charcoal Guido's","-71.23713377192028","42.36799216287698","@"
"Fri, 26 Jun 15 16:27:06 +0000","Rattlesnake Cantina","-74.48160938702809","40.87479240250138","@"
"Fri, 26 Jun 15 00:59:58 +0000","End of Elm","-74.47318980146613","40.796378392294194","@"
"Wed, 24 Jun 15 16:55:07 +0000","South Street Creamery","-74.47681296281753","40.792965281102","@"
"Mon, 22 Jun 15 20:39:25 +0000","Tribeca Tap House","-74.01038531470277","40.71938218896904","@"
"Fri, 19 Jun 15 01:11:34 +0000","Millies Old World Meatballs And Pizza","-74.47913106007175","40.79472743414286","@"
"Thu, 18 Jun 15 15:49:53 +0000","Cafe Carriage House","-74.64128694427052","40.6487113350907","@"
"Sun, 14 Jun 15 23:30:46 +0000","Strawberry Fields Frozen Yogurt - Morristown","-74.47867316674021","40.79443760016583","@"
"Sun, 14 Jun 15 23:29:52 +0000","south+pine american eatery","-74.4787761928438","40.794442095914064","@"
"Mon, 08 Jun 15 21:14:14 +0000","The Perfect Pint","-73.98486527831999","40.75832148715366","@"
"Mon, 08 Jun 15 17:13:58 +0000","AT&amp;T","-73.98249501939839","40.7634888628003","@"
"Sun, 07 Jun 15 15:33:03 +0000","The Office Tavern Grill","-74.48107136982748","40.79606101231946","@"
"Sat, 06 Jun 15 18:26:29 +0000","Green Village Deli","-74.45323532142906","40.739172092670785","@"
"Sat, 06 Jun 15 17:34:05 +0000","Starbucks","-74.4308110307988","40.74646434096904","@"
"Sat, 06 Jun 15 15:57:52 +0000","The Gravity Vault","-74.38096022293037","40.73152494637111","@"
"Sat, 30 May 15 22:04:11 +0000","Montammy Golf Club","-73.93891264016284","40.924285745883616","@"
"Wed, 27 May 15 16:57:07 +0000","Red Oak Grille","-74.61666213954095","40.65702119056429","@"
"Sun, 24 May 15 18:34:17 +0000","Great Wolf Lodge","-75.32183856736677","41.05962427211615","@"
"Mon, 18 May 15 19:28:55 +0000","Jungle Juice","-74.47420292044964","40.79667211286628","@"
"Fri, 15 May 15 16:36:23 +0000","M&amp;M Perrotti's Butcher Shop and Prepared Foods","-74.6358716208808","40.68412686408317","@"
"Sun, 10 May 15 18:09:45 +0000","Tree Top Adventure","-74.27864995793213","40.770088148790336","@"
"Tue, 05 May 15 15:05:08 +0000","AT&amp;T","-74.63503671945003","40.67028101978024","@"
"Sat, 25 Apr 15 13:21:06 +0000","Madrona Tree","-71.15048842050922","42.41417308530483","@"
"Thu, 02 Apr 15 20:08:41 +0000","University of South Florida Health Sciences","-82.42448163566495","28.063264363210372","@"
"Wed, 18 Mar 15 23:24:22 +0000","Jrg's Cafe Vienna","-96.6995788141098","33.01961957220129","@"
"Wed, 18 Mar 15 00:48:36 +0000","Stampede 66 By Stephan Pyles","-96.80426991545202","32.7887278045458","@"
"Fri, 13 Mar 15 17:39:10 +0000","Dolce Basking Ridge","-74.54230886186308","40.72362210364002","@"
"Mon, 09 Mar 15 21:00:44 +0000","Church Publick","-74.00749317653569","40.71548679674544","@"
"Sun, 22 Feb 15 14:34:39 +0000","Camelback Mountain Resort","-75.35542550741239","41.05239660021807","@"
"Thu, 19 Feb 15 23:44:41 +0000","JBJ Soul Kitchen","-74.07539518593154","40.34865628789122","@"
"Wed, 18 Feb 15 23:05:28 +0000","HOPS","-74.48289718746616","40.797050495871744","@"
"Wed, 18 Feb 15 00:05:16 +0000","Laku Sushi","-74.47405410107747","40.79797938895328","@"
"Mon, 16 Feb 15 23:06:22 +0000","Sushi Lounge","-74.48290863453883","40.79728382333212","@"
"Sat, 14 Feb 15 00:23:59 +0000","Shawnee Mountain Ski Area","-75.07953397850872","41.03856651542056","@"
"Sat, 07 Feb 15 21:55:00 +0000","Barley Creek Brewing Company","-75.32880822168465","41.05242323567556","@"
"Fri, 06 Feb 15 18:18:17 +0000","Tribeca's Kitchen","-74.00705705666762","40.71606226874031","@"
"Tue, 03 Feb 15 23:12:32 +0000","Bistro 73","-74.57205286659698","40.71683331954176","@"
"Tue, 03 Feb 15 01:05:51 +0000","Laku Sushi","-74.45732829186895","40.7955590322989","@"
"Sat, 31 Jan 15 01:36:00 +0000","The Keg Room","-73.98664438807512","40.75103851054262","@"
"Fri, 30 Jan 15 18:30:31 +0000","AT&amp;T","-74.00588067574924","40.716629380350064","@"
"Fri, 30 Jan 15 14:23:47 +0000","Sun In Bloom","-74.00781452738109","40.715677167659535","@"
"Thu, 29 Jan 15 00:23:05 +0000","Morristown &amp; Morris Township Library","-74.47856441689869","40.79377082329208","@"
"Sun, 25 Jan 15 21:13:36 +0000","Starbucks","-75.19506574524387","40.98508142641017","@"
"Sun, 18 Jan 15 01:13:58 +0000","Big Boulder Ski Area","-75.60258526232617","41.0501167317192","@"
"Sat, 10 Jan 15 21:42:15 +0000","Big Boulder Ski Area","-75.60303426997025","41.04986031991712","@"
"Sat, 10 Jan 15 14:26:10 +0000","Jack Frost Ski Area","-75.65317238411987","41.10745581809532","@"
"Fri, 02 Jan 15 17:40:36 +0000","Starbucks","-75.19529370332512","40.98505820488264","@"
"Wed, 31 Dec 14 01:32:47 +0000","Van Gilder's Jubilee Restaurant","-75.45543066631802","41.10814819783624","@"
"Sat, 27 Dec 14 20:30:23 +0000","Callies Pretzel Factory","-75.2899700056441","41.14410497794769","@"
"Sat, 27 Dec 14 18:38:48 +0000","Inn at Pocono Manor","-75.35840293878353","41.100483553589456","@"
"Wed, 24 Dec 14 20:47:16 +0000","Presbyterian Church in Morristown","-74.47976638509371","40.797475084027695","@"
"Mon, 22 Dec 14 17:38:51 +0000","3 West","-74.5760686883405","40.652466552771024","@"
"Sun, 14 Dec 14 14:57:15 +0000","RBIs","-74.61249284330384","40.85787012108416","@"
"Sat, 13 Dec 14 19:10:25 +0000","The Artist Baker","-74.48178109429854","40.799103680488884","@"
"Thu, 11 Dec 14 22:38:13 +0000","The Office Tavern Grill","-74.48097979226758","40.796096717294965","@"
"Thu, 11 Dec 14 18:08:20 +0000","Delicious Heights","-74.64571285736486","40.68061816901587","@"
"Tue, 02 Dec 14 20:52:53 +0000","AT&amp;T","-74.63560285168661","40.670164272512636","@"
"Mon, 01 Dec 14 22:45:32 +0000","Bravest on 38th","-73.97409844331787","40.747255005730906","@"
"Wed, 26 Nov 14 21:01:06 +0000","SmartWorld Coffee","-74.47338441234498","40.79412137124529","@"
"Sat, 22 Nov 14 18:42:40 +0000","Starbucks","-73.98210475604584","40.77253946475892","@"
"Sat, 22 Nov 14 18:40:30 +0000","Bar Boulud","-73.98272458570611","40.77145553422892","@"
"Sat, 22 Nov 14 04:20:50 +0000","Krispy Kreme Doughnuts","-73.99428863329734","40.7503766053411","@"
"Sat, 22 Nov 14 02:11:29 +0000","Providence","-73.98332719595884","40.76728720391297","@"
"Fri, 21 Nov 14 23:43:49 +0000","Carnegie Hall (Stern Auditorium/Perelman Stage)","-73.97963689590723","40.76539827162657","@"
"Fri, 21 Nov 14 01:07:33 +0000","Amc Headquarters 10","-74.48095689787014","40.800984432464055","@"
"Tue, 18 Nov 14 18:00:29 +0000","Delicious Heights","-74.64547841264668","40.68073639667167","@"
"Sun, 16 Nov 14 00:27:53 +0000","Cottage II","-74.47749980963455","40.793272095232346","@"
"Sat, 15 Nov 14 03:11:07 +0000","William G. Mennen Sports Arena","-74.47403120577826","40.81551867570981","@"
"Thu, 13 Nov 14 17:31:06 +0000","Tonic Times Square","-73.98339606558166","40.759979763268","@"
"Mon, 10 Nov 14 22:20:58 +0000","Church Publick","-74.00749891494839","40.715386225025895","@"
"Mon, 10 Nov 14 19:28:52 +0000","Nish Nsh","-74.00760794475676","40.715551338050126","@"
"Sat, 08 Nov 14 21:13:23 +0000","Casa Maya","-74.47040226320206","40.69008497307337","@"
"Sat, 08 Nov 14 20:00:10 +0000","The Raptor Trust","-74.50382691220081","40.69639339155773","@"
"Fri, 07 Nov 14 20:55:04 +0000","Starbucks","-74.58111979605664","41.108898763252945","@"
"Fri, 07 Nov 14 18:21:25 +0000","Mountain Creek","-74.49001139925407","41.17538513817887","@"
"Tue, 04 Nov 14 21:10:45 +0000","Egyptian Art @ The Metropolitan Museum of Art","-73.9628947857524","40.78047219820393","@"
"Sun, 02 Nov 14 01:55:46 +0000","Bow Tie Cinemas Parsippany Cinema 12","-74.4267575243348","40.870481993500164","@"
"Sun, 02 Nov 14 00:07:38 +0000","Macho Nacho","-74.47671565930149","40.797852630286876","@"
"Sat, 01 Nov 14 00:46:17 +0000","Macho Nacho","-74.4765553945695","40.79798511005294","@"
"Mon, 20 Oct 14 21:35:40 +0000","Church Publick","-74.00733823932802","40.71535862897431","@"
"Mon, 20 Oct 14 19:17:31 +0000","Laughing Man Coffee &amp; Tea","-74.00999510813811","40.71739101820048","@"
"Mon, 20 Oct 14 18:35:42 +0000","AT&amp;T","-74.00607004487341","40.71646310780293","@"
"Sat, 18 Oct 14 17:09:55 +0000","South Street Creamery","-74.47669276434873","40.79291013953608","@"
"Fri, 17 Oct 14 23:33:51 +0000","Milano Gourmet Pizza","-74.47913106007175","40.79474191929639","@"
"Fri, 17 Oct 14 23:33:41 +0000","SmartWorld Coffee","-74.47913678373085","40.79474753391075","@"
"Fri, 17 Oct 14 22:01:12 +0000","SmartWorld Coffee","-74.47906237614805","40.79482422372038","@"
"Thu, 16 Oct 14 23:00:13 +0000","Gallow Green (Rooftop Garden Bar at the McKittrick Hotel)","-74.00405583640199","40.75079669255793","@"
"Wed, 15 Oct 14 21:37:48 +0000","Inakaya","-73.98952536310055","40.756088416279816","@"
"Wed, 15 Oct 14 16:26:02 +0000","Jacob K. Javits Convention Center","-74.00200143669329","40.756907670913485","@"
"Sat, 11 Oct 14 15:21:45 +0000","Urban Table","-74.47411133931243","40.7964132923168","@"
"Sat, 11 Oct 14 00:54:36 +0000","William G. Mennen Sports Arena","-74.4741800251698","40.81550534139837","@"
"Wed, 08 Oct 14 16:05:29 +0000","Bistro at Red Bank","-74.06598157983898","40.35180560688472","@"
"Tue, 07 Oct 14 17:10:51 +0000","AT&amp;T","-74.63819903007885","40.669640619866385","@"
"Sat, 04 Oct 14 22:34:18 +0000","Minado Restaurant","-74.49173410548124","40.860683798015664","@"
"Tue, 30 Sep 14 22:26:51 +0000","Frelinghuysen Middle School","-74.50049045685878","40.82224548435161","@"
"Fri, 26 Sep 14 23:16:12 +0000","Somerset Patriots Baseball @ TD Bank Ballpark","-74.55292208958963","40.56109565061033","@"
"Fri, 26 Sep 14 16:30:38 +0000","Tasty Dumpling","-73.99989536718107","40.71477681660585","@"
"Fri, 26 Sep 14 13:11:03 +0000","Grandaisy Bakery","-74.00564539869748","40.720052586337545","@"
"Wed, 24 Sep 14 23:23:02 +0000","Tito's Burritos","-74.48279988731828","40.7974571894104","@"
"Tue, 23 Sep 14 21:58:41 +0000","Trap Rock Restaurant &amp; Brewery","-74.43501329698483","40.68915968271031","@"
"Sun, 21 Sep 14 13:50:04 +0000","SmartWorld Coffee","-74.47899941586108","40.79460795458263","@"
"Thu, 18 Sep 14 15:57:26 +0000","twofiftytwo","-74.64553559431492","40.679611509140685","@"
"Tue, 16 Sep 14 00:00:31 +0000","Tito's Burritos","-74.48282278147556","40.79734445632052","@"
"Mon, 15 Sep 14 14:08:01 +0000","AT&amp;T","-74.6356085701845","40.669990770570394","@"
"Mon, 08 Sep 14 12:46:07 +0000","AT&amp;T","-74.63535695609669","40.6734807950597","@"
"Fri, 29 Aug 14 21:11:29 +0000","High Line","-74.00488218090393","40.747454300526144","@"
"Fri, 29 Aug 14 19:47:20 +0000","Delaney Barbecue: SmokeLine","-74.0076882824705","40.742809515624735","@"
"Fri, 29 Aug 14 16:05:09 +0000","AT&amp;T","-74.00350493808506","40.718083725087276","@"
"Wed, 27 Aug 14 23:23:11 +0000","Somerset Patriots Baseball @ TD Bank Ballpark","-74.55381460100915","40.560795629947734","@"
"Mon, 25 Aug 14 22:54:48 +0000","Gabel's Ice Cream","-75.30451555488166","41.037231695700804","@"
"Mon, 25 Aug 14 22:23:31 +0000","Camelbeach Mountain Waterpark","-75.3557898616003","41.05218350584271","@"
"Sat, 23 Aug 14 00:26:39 +0000","Cask And KETTLE Homebrew","-74.41290161957852","40.90728626469927","@"
"Fri, 22 Aug 14 19:41:08 +0000","AT&amp;T","-74.00569130643763","40.71636598404259","@"
"Fri, 22 Aug 14 13:54:09 +0000","National September 11 Memorial &amp; Museum","-74.01219287883822","40.71223712430897","@"
"Wed, 20 Aug 14 22:52:53 +0000","SmartWorld Coffee","-74.47894790288225","40.79461536360575","@"
"Tue, 19 Aug 14 22:39:27 +0000","Two Hands","-73.99613652072439","40.71945761334027","@"
"Tue, 19 Aug 14 12:44:50 +0000","AT&amp;T","-74.00608152178401","40.71656128906185","@"
"Tue, 19 Aug 14 00:18:40 +0000","Pete's Tavern","-74.4757140023305","40.79692319690873","@"
"Mon, 18 Aug 14 12:45:43 +0000","AT&amp;T","-74.63559141469025","40.67046770547865","@"
"Sat, 16 Aug 14 18:28:25 +0000","Rebounderz","-74.39477852817568","40.53160095651037","@"
"Sat, 16 Aug 14 01:58:51 +0000","Nuchas Artisan Empanadas","-73.98865877954262","40.74849710668262","@"
"Fri, 15 Aug 14 23:02:54 +0000","Fast Forward Labs","-73.99302609127328","40.72024743123942","@"
"Fri, 15 Aug 14 14:42:52 +0000","Everyman Espresso","-74.00465264112245","40.72141802578638","@"
"Fri, 15 Aug 14 12:53:50 +0000","AT&amp;T","-74.0057486910973","40.71628721707121","@"
"Fri, 15 Aug 14 12:46:39 +0000","Pecan Cafe","-74.00679882732965","40.719009174057334","@"
"Tue, 12 Aug 14 23:13:14 +0000","Woodrow's","-74.00927781458121","40.713909884268","@"
"Sat, 09 Aug 14 23:33:15 +0000","WaterFire Providence - Waterplace Park","-71.41385570802741","41.82665918510352","@"
"Sat, 09 Aug 14 21:23:22 +0000","Providence Coal Fired Pizza","-71.41488776756634","41.8214265485109","@"
"Fri, 08 Aug 14 01:01:00 +0000","Arnold's Lobster &amp; Clam Bar","-69.98266727147279","41.84377731981052","@"
"Thu, 07 Aug 14 20:27:47 +0000","Mac's Shack","-70.02975468251115","41.93465313242013","@"
"Thu, 07 Aug 14 14:58:42 +0000","Hole In One Donut Shop","-69.98715691179306","41.855447852808794","@"
"Fri, 01 Aug 14 13:44:39 +0000","AT&amp;T","-73.98232858365381","40.763050413049946","@"
"Thu, 31 Jul 14 22:26:43 +0000","Friend of a Farmer","-73.98676490781723","40.73685997809501","@"
"Thu, 31 Jul 14 14:20:47 +0000","Pie Face","-73.98255241100104","40.76319795434858","@"
"Thu, 31 Jul 14 13:29:35 +0000","Midtown Manhattan","-73.98478493103883","40.762945706503515","@"
"Tue, 29 Jul 14 20:25:24 +0000","Kaya's Kitchen","-74.02497732019319","40.178989879438525","@"
"Tue, 29 Jul 14 17:40:21 +0000","Coffee Talk","-74.76087755673358","39.05369171427755","@"
"Tue, 29 Jul 14 01:32:37 +0000","M'Ocean","-74.92091430599868","38.930264717335795","@"
"Mon, 28 Jul 14 17:09:46 +0000","Bella Vida","-74.93028208731675","38.93860065985869","@"
"Mon, 28 Jul 14 01:13:41 +0000","Mad Batter","-74.92248420326212","38.93116430720907","@"
"Mon, 28 Jul 14 00:21:07 +0000","The Dormer House","-74.91718645312439","38.933975465557225","@"
"Fri, 25 Jul 14 01:31:47 +0000","Guerriero's","-74.47661263199055","40.79264804785954","@"
"Thu, 24 Jul 14 16:11:03 +0000","Mountain Creek Waterpark","-74.50323745730495","41.1920083776353","@"
"Mon, 21 Jul 14 23:17:56 +0000","Apple Store, Short Hills","-74.37030800293513","40.73708228024054","@"
"Fri, 18 Jul 14 12:20:45 +0000","Birch Coffee","-73.98638039218521","40.743430792012944","@"
"Thu, 17 Jul 14 00:11:57 +0000","Havana Koi","-74.47853579850816","40.794476670723064","@"
"Sun, 13 Jul 14 19:19:09 +0000","Streeter Pool","-74.50471967505925","40.810893446844446","@"
"Sat, 12 Jul 14 21:30:29 +0000","Sona Thirteen","-74.48067644125952","40.795876404685295","@"
"Sat, 12 Jul 14 13:18:09 +0000","SmartWorld Coffee","-74.4790337578386","40.79469958301687","@"
"Fri, 11 Jul 14 12:42:27 +0000","Birdbath Neighborhood Green Bakery","-74.00643730567083","40.71640411577202","@"
"Wed, 09 Jul 14 17:41:58 +0000","AT&amp;T","-74.63113664650788","40.676988108926594","@"
"Tue, 08 Jul 14 19:41:59 +0000","Jasmin Mediterranean Bistro","-78.77915133778623","35.894044581610125","@"
"Tue, 08 Jul 14 13:45:42 +0000","Institute For Advanced Analytics","-78.67788038128243","35.77278322232395","@"
"Sat, 05 Jul 14 16:27:39 +0000","Cafe Bruges","-77.19710488517077","40.19963937560276","@"
"Sat, 05 Jul 14 12:27:34 +0000","Brooks Robinson Plaza @ Sovereign Bank Stadium","-76.72907810201067","39.96712318683996","@"
"Fri, 04 Jul 14 17:49:34 +0000","Dietrich's Meats","-75.80028174428497","40.57846256033668","@"
"Thu, 03 Jul 14 02:22:23 +0000","The Office Tavern Grill","-74.47107768720342","40.78927037025962","@"
"Sun, 29 Jun 14 23:05:54 +0000","Georgie's Diner","-72.95725916499347","41.27324542159322","@"
"Sun, 29 Jun 14 17:38:34 +0000","Wheaton College","-71.18237568132861","41.96832636326658","@"
"Sun, 29 Jun 14 16:15:19 +0000","White Electric Coffee","-71.41990886906288","41.81842238517549","@"
"Sat, 28 Jun 14 22:06:34 +0000","Kitchen ZINC","-72.92800743273565","41.306256341726886","@"
"Sat, 28 Jun 14 17:10:42 +0000","Starbucks","-74.48151208616703","40.79662851264575","@"
"Fri, 27 Jun 14 13:25:40 +0000","Birdbath Neighborhood Green Bakery","-74.00604709105016","40.71654675419014","@"
"Tue, 24 Jun 14 15:55:48 +0000","Omni Dallas Hotel","-96.80391939092351","32.775258840979525","@"
"Fri, 20 Jun 14 20:27:32 +0000","Delicious Heights","-74.64560421229154","40.680642144651074","@"
"Fri, 20 Jun 14 16:45:02 +0000","Delicious Heights","-74.6455699033067","40.68106343633883","@"
"Sun, 15 Jun 14 17:40:39 +0000","Mountain Creek","-74.50549797742529","41.190755661863626","@"
"Sat, 14 Jun 14 18:23:25 +0000","Kam Man Food ","-74.37428261507418","40.81030651570204","@"
"Sat, 14 Jun 14 13:21:45 +0000","SmartWorld Coffee","-74.4790223105135","40.79469801054373","@"
"Thu, 12 Jun 14 21:26:22 +0000","Dantanna's","-84.36467112003736","33.84756486603501","@"
"Mon, 09 Jun 14 16:11:52 +0000","AT&amp;T","-74.63524258593452","40.671156159381866","@"
"Sat, 07 Jun 14 20:54:35 +0000","Ginty Pool","-74.46580587683069","40.77811959977659","@"
"Thu, 05 Jun 14 07:49:29 +0000","La Victoria Taqueria","-121.88446378131533","37.33264627813077","@"
"Thu, 05 Jun 14 04:27:56 +0000","San Pedro Square Market","-121.89431233809775","37.33662621647323","@"
"Wed, 04 Jun 14 22:17:55 +0000","Psycho Donuts","-121.88607006746466","37.33207986636199","@"
"Wed, 04 Jun 14 05:27:20 +0000","Singlebarrel","-121.88824879891597","37.329283688458915","@"
"Wed, 04 Jun 14 04:02:59 +0000","Gordon Biersch Brewery Restaurant","-121.88862673775525","37.33488841162774","@"
"Tue, 03 Jun 14 23:10:26 +0000","Psycho Donuts","-121.88597558069024","37.332183387910774","@"
"Sat, 31 May 14 01:25:07 +0000","Amc Headquarters 10","-74.4813518258078","40.800295175962525","@"
"Sat, 31 May 14 00:16:48 +0000","The Godfather Pizzeria","-74.47485543467235","40.79526019965243","@"
"Sun, 25 May 14 14:37:59 +0000","Douglas Lot @ Worthington","-75.08313831654611","41.014356093155214","@"
"Sun, 18 May 14 14:02:55 +0000","Presbyterian Church in Morristown","-74.47989802872996","40.797531791976","@"
"Sat, 17 May 14 18:51:01 +0000","Green Village Deli","-74.45298344322549","40.73923892749134","@"
"Fri, 16 May 14 23:51:23 +0000","Takuma","-74.41435596778071","40.75706594566392","@"
"Fri, 16 May 14 16:32:10 +0000","AT&amp;T","-74.00637418277145","40.716665524026254","@"
"Wed, 14 May 14 21:08:41 +0000","Delicious Heights","-74.66446739160534","40.67730019005226","@"
"Wed, 14 May 14 00:04:02 +0000","Macho Nacho","-74.47665269817419","40.79771362152305","@"
"Sat, 10 May 14 21:23:34 +0000","The Funplex","-74.37643597038951","40.81103388497086","@"
"Wed, 07 May 14 15:22:52 +0000","The Bowery Hotel","-73.99157415766989","40.726157249632465","@"
"Sun, 04 May 14 00:14:32 +0000","Nagano","-74.48235917420894","40.79720353537502","@"
"Fri, 02 May 14 15:37:54 +0000","AT&amp;T","-74.00606430641785","40.71657333256864","@"
"Sat, 26 Apr 14 22:58:45 +0000","The Godfather Pizzeria","-74.47613756083149","40.79730004953491","@"
"Sat, 05 Apr 14 22:55:42 +0000","   (Ibis Ambassador Hotel)","127.05735748601053","37.504868352922145","@"
"Tue, 01 Apr 14 23:37:30 +0000","Simply Cycle","-74.47357902300861","40.797735467629934","@"
"Mon, 24 Mar 14 11:50:12 +0000","SmartWorld Coffee","-74.47882770587293","40.79476784592548","@"
"Fri, 21 Mar 14 22:14:30 +0000","Takahachi Bakery","-73.9917348465147","40.75532611146828","@"
"Fri, 21 Mar 14 17:00:21 +0000","Sophie's Cuban Cuisine","-74.00672996611398","40.71439858488076","@"
"Fri, 21 Mar 14 16:58:18 +0000","Blue Spoon Coffee Co.","-74.00668979706008","40.71437358087109","@"
"Thu, 20 Mar 14 22:50:34 +0000","Frelinghuysen Middle School","-74.5007479899812","40.82243043240118","@"
"Wed, 19 Mar 14 01:49:01 +0000","Blue Room","-73.96372130733447","40.761400711732584","@"
"Tue, 18 Mar 14 21:46:15 +0000","Data Driven NYC","-73.96743487099378","40.7616921674862","@"
"Sat, 15 Mar 14 22:54:58 +0000","Coleman Brook Tavern","-72.7171888839305","43.42295944453594","@"
"Sat, 15 Mar 14 17:41:36 +0000","Jackson Gore Base Lodge","-72.71738515321269","43.423017362560635","@"
"Sun, 09 Mar 14 12:50:00 +0000","Presbyterian Church in Morristown","-74.4790223105135","40.79674038178619","@"
"Sat, 08 Mar 14 22:57:34 +0000","Urban Table","-74.4810599226351","40.79635879406718","@"
"Sat, 08 Mar 14 01:41:12 +0000","Frelinghuysen Middle School","-74.50043322722458","40.82223763323899","@"
"Fri, 07 Mar 14 13:55:48 +0000","Birdbath Neighborhood Green Bakery","-74.00656355140711","40.71647028386235","@"
"Fri, 07 Mar 14 01:01:42 +0000","David Todd's City Tavern","-74.4710605154389","40.78917143575544","@"
"Sat, 01 Mar 14 18:00:48 +0000","Tropicana Field","-82.65292007148099","27.7679599289701","@"
"Fri, 28 Feb 14 23:04:53 +0000","Crabby Bill's Seafood","-82.7427451548691","27.725251476779025","@"
"Thu, 27 Feb 14 23:34:05 +0000","Flying Bridge","-82.74534204228063","27.729351610040332","@"
"Thu, 27 Feb 14 18:28:06 +0000","George M. Steinbrenner Field","-82.5072914717255","27.97949300261054","@"
"Thu, 27 Feb 14 14:21:39 +0000","Chill Restaurant &amp; Bar","-82.75145723860132","27.74150093989028","@"
"Thu, 27 Feb 14 05:31:22 +0000","Guy Harvey Outpost (Tradewinds Beach Resort)","-82.7470012588273","27.731898949000783","@"
"Tue, 25 Feb 14 23:54:29 +0000","Luna Rossa Ristorante","-74.64209322379651","40.64890311778486","@"
"Mon, 24 Feb 14 16:05:35 +0000","AT&amp;T","-73.98244336694137","40.76355388173603","@"
"Mon, 24 Feb 14 14:42:12 +0000","Lincoln Tunnel Helix","-74.02164357849607","40.76530133514909","@"
"Sun, 23 Feb 14 16:13:07 +0000","DRIP coffee","-74.48042460228899","40.796623995105854","@"
"Sun, 23 Feb 14 14:47:27 +0000","Presbyterian Church in Morristown","-74.48006401404383","40.79754976341308","@"
"Fri, 21 Feb 14 00:02:42 +0000","Planet Mac","-74.02870691048385","40.73834461163369","@"
"Mon, 17 Feb 14 16:17:10 +0000","Van Gilder's Jubilee Restaurant","-75.45535670564412","41.10814832386094","@"
"Sun, 16 Feb 14 18:54:37 +0000","Jack Frost Ski Area","-75.65353601160727","41.113766032615466","@"
"Sat, 15 Feb 14 20:49:45 +0000","Camelback Mountain Resort","-75.35723019072778","41.052365075283646","@"
"Sun, 09 Feb 14 15:33:15 +0000","Presbyterian Church in Morristown","-74.47984651601448","40.79737987112495","@"
"Sun, 09 Feb 14 02:52:27 +0000","Milano Gourmet Pizza","-74.47910816543349","40.79470980406036","@"
"Sat, 08 Feb 14 00:37:24 +0000","Shawnee Mountain Ski Area","-75.08089702100266","41.032710766363934","@"
"Wed, 05 Feb 14 06:21:27 +0000","Antonio's Nut House","-122.14367697726651","37.426972716416465","@"
"Wed, 05 Feb 14 04:59:42 +0000","The Rose &amp; Crown Pub","-122.16183512744827","37.44436532926474","@"
"Wed, 05 Feb 14 03:39:44 +0000","Gordon Biersch Brewery Restaurant","-122.16093145070276","37.443370634904404","@"
"Tue, 04 Feb 14 20:31:29 +0000","AT&amp;T Central Office","-122.15983372273088","37.446045094999306","@"
"Sun, 02 Feb 14 15:58:03 +0000","Presbyterian Church in Morristown","-74.47978355600839","40.79753538059933","@"
"Sat, 01 Feb 14 20:54:25 +0000","The Gravity Vault","-74.3740191708901","40.73422307012782","@"
"Sun, 19 Jan 14 19:15:52 +0000","Livingston Recreation Center","-74.41626263460358","40.50822664897326","@"
"Sat, 18 Jan 14 21:14:22 +0000","The Gravity Vault","-74.37463196437254","40.73386811698229","@"
"Wed, 15 Jan 14 23:55:21 +0000","Delicious Heights","-74.64593586545676","40.680977581827335","@"
"Fri, 10 Jan 14 13:53:20 +0000","Birdbath Neighborhood Green Bakery","-74.00650042854939","40.71657237675237","@"
"Fri, 10 Jan 14 01:51:17 +0000","Strawberry Fields Frozen Yogurt - Morristown","-74.4787761928438","40.7944179538909","@"
"Wed, 08 Jan 14 01:07:18 +0000","Simply Cycle","-74.47355040380687","40.7978715481371","@"
"Mon, 06 Jan 14 17:55:08 +0000","AT&amp;T","-74.63576868804779","40.669746257961826","@"
"Sun, 05 Jan 14 20:11:51 +0000","Brownstone Diner &amp; Pancake Factory","-74.0484380958446","40.71670392821878","@"
"Sat, 04 Jan 14 16:59:49 +0000","Madison Bicycle Shop","-74.41747075224357","40.75963062768304","@"
"Wed, 01 Jan 14 23:46:22 +0000","Qdoba Mexican Grill","-74.4810828170191","40.79633779717447","@"
"Sat, 28 Dec 13 19:08:11 +0000","Blue Vanilla Bakery","-122.32481149743356","47.40063338451825","@"
"Sat, 28 Dec 13 04:27:03 +0000","Prima Margherita","-122.32430612222791","47.39820291952035","@"
"Fri, 27 Dec 13 23:18:22 +0000","Reddog Coffee","-123.10269980098447","48.07568316983362","@"
"Thu, 26 Dec 13 20:43:17 +0000","Sunshine Cafe","-123.1035932152838","48.07958602737452","@"
"Tue, 24 Dec 13 19:43:27 +0000","Starbucks","-122.66041438461563","47.7583445781709","@"
"Tue, 24 Dec 13 03:21:41 +0000","Deer Park Cinema","-123.34531204859739","48.1043400532653","@"
"Sun, 22 Dec 13 18:46:18 +0000","Starbucks","-122.29069642177947","47.68137355484737","@"
"Sun, 22 Dec 13 03:52:11 +0000","Pho Than Brothers","-122.31350464893477","47.658339906504075","@"
"Sat, 21 Dec 13 19:10:14 +0000","Elliott Bay Brewhouse and Pub","-122.33876338205876","47.46667881292997","@"
"Sun, 15 Dec 13 15:45:10 +0000","Gymnastics Academy","-74.96958549949109","39.91875443149481","@"
"Sun, 15 Dec 13 01:15:14 +0000","Blue Morel Restaurant","-74.4587937239412","40.79797179963053","@"
"Fri, 13 Dec 13 13:45:19 +0000","Birdbath Neighborhood Green Bakery","-74.00652912076004","40.71631574417297","@"
"Thu, 12 Dec 13 14:26:00 +0000","AT&amp;T","-74.63546560767998","40.67162213794342","@"
"Thu, 12 Dec 13 00:13:15 +0000","J &amp; J Taxi","-74.47536485198843","40.79381892404791","@"
"Wed, 04 Dec 13 00:38:10 +0000","Ocha Japanese Cuisine","-74.27901668254849","40.8412519488999","@"
"Mon, 02 Dec 13 00:28:04 +0000","Pita Grill Morristown, NJ","-74.48026434093805","40.79550596024954","@"
"Thu, 28 Nov 13 05:40:00 +0000","Courtyard by Marriott - Worcester","-71.7998400472684","42.27448256355179","@"
"Sat, 23 Nov 13 23:28:02 +0000","Millies Old World Meatballs And Pizza","-74.47270327332735","40.79221710957831","@"
"Fri, 22 Nov 13 16:53:28 +0000","AT&amp;T","-74.00476167255299","40.718136332077485","@"
"Sat, 16 Nov 13 00:31:38 +0000","South's","-74.34895584091252","40.7889668357333","@"
"Sun, 10 Nov 13 00:50:26 +0000","Hyatt Morristown at Headquarters Plaza","-74.48044177313936","40.80054675686021","@"
"Wed, 06 Nov 13 15:55:35 +0000","AT&amp;T Labs","-74.13284756413742","40.39614004406338","@"
"Sat, 02 Nov 13 00:47:17 +0000","Town Hall","-73.98445780247573","40.75605906372931","@"
"Sun, 27 Oct 13 00:25:20 +0000","Takuma","-74.41509458888677","40.75748664501292","@"
"Fri, 18 Oct 13 20:28:12 +0000","Blaue Gans","-74.00765959043375","40.71663042759617","@"
"Fri, 18 Oct 13 12:50:54 +0000","Birdbath Neighborhood Green Bakery","-74.0060356141375","40.71626511833888","@"
"Wed, 16 Oct 13 15:39:45 +0000","Columbia University School of Social Work","-73.95802742015687","40.81075638093192","@"
"Tue, 15 Oct 13 22:39:21 +0000","Fairleigh Dickinson University","-74.43237973582761","40.77485204275272","@"
"Mon, 14 Oct 13 16:08:40 +0000","AT&amp;T","-74.63587733936971","40.67003695726129","@"
"Sat, 12 Oct 13 16:58:51 +0000","The Artist Baker","-74.4815635983943","40.79877446819488","@"
"Sat, 12 Oct 13 13:56:45 +0000","SmartWorld Coffee","-74.47898224486981","40.79461525265292","@"
"Fri, 11 Oct 13 17:58:48 +0000","Birdbath Neighborhood Green Bakery","-74.00575442956232","40.71656803934298","@"
"Fri, 11 Oct 13 16:15:31 +0000","Baba Ghanouge","-74.00778583536326","40.715224111576184","@"
"Fri, 11 Oct 13 14:41:15 +0000","AT&amp;T","-74.00575442956232","40.716476312398065","@"
"Mon, 07 Oct 13 16:34:08 +0000","AT&amp;T","-74.6358315914531","40.66988067008274","@"
"Fri, 04 Oct 13 23:13:49 +0000","Aji Sushi","-74.47874757448773","40.82778316879428","@"
"Fri, 04 Oct 13 03:15:35 +0000","Tavern Off The Green","-74.4752332049582","40.796837822462386","@"
"Sat, 28 Sep 13 23:28:46 +0000","Cottage II","-74.47767724462624","40.793455810675326","@"
"Sat, 28 Sep 13 15:56:17 +0000","SmartWorld Coffee","-74.4787761928438","40.79466420205493","@"
"Sat, 21 Sep 13 23:02:36 +0000","The Artist Baker","-74.47729375587114","40.80692126003361","@"
"Sat, 21 Sep 13 13:55:18 +0000","The Artist Baker","-74.48167234638007","40.798914934219056","@"
"Tue, 17 Sep 13 17:39:46 +0000","Pappadeaux Seafood Kitchen","-97.0910090139106","32.758964923008776","@"
"Tue, 17 Sep 13 15:03:10 +0000","AT&amp;T Stadium","-97.09240674670824","32.74922226952721","@"
"Tue, 17 Sep 13 03:51:33 +0000","Hilton Arlington","-97.06725204706687","32.762364038935324","@"
"Sun, 15 Sep 13 17:59:01 +0000","Duke Farms","-74.62391384294936","40.544412378005696","@"
"Fri, 13 Sep 13 17:37:05 +0000","La Fonda","-73.94516389771303","40.79176734917008","@"
"Fri, 13 Sep 13 13:02:46 +0000","New York Academy of Medicine","-73.95216690321992","40.79218546553147","@"
"Fri, 13 Sep 13 05:09:58 +0000","Pod 51 Hotel","-73.96912230904125","40.75568049240747","@"
"Fri, 13 Sep 13 03:39:19 +0000","Warren 77","-74.01022464150792","40.71518825742672","@"
"Fri, 13 Sep 13 00:58:27 +0000","Tribeca Rooftop","-74.00848591936901","40.723930775898346","@"
"Mon, 02 Sep 13 17:18:49 +0000","The Cloisters","-73.9321617443114","40.86522097794231","@"
"Fri, 30 Aug 13 20:18:51 +0000","Lincoln Tunnel Helix","-74.02214852074242","40.764041417557","@"
"Tue, 27 Aug 13 13:05:32 +0000","Days Inn Hershey","-76.65759671033331","40.282574468084135","@"
"Sun, 25 Aug 13 20:02:33 +0000","The Gravity Vault","-74.38112630090927","40.731282133113204","@"
"Fri, 23 Aug 13 20:45:13 +0000","Blaue Gans","-74.00787764980512","40.71632821068146","@"
"Fri, 23 Aug 13 18:03:13 +0000","Kaffe 1668","-74.01143542547192","40.714992867441005","@"
"Fri, 23 Aug 13 17:41:01 +0000","Dim Sum Go Go","-73.99838609876218","40.71342829292859","@"
"Thu, 22 Aug 13 01:45:34 +0000","Macho Nacho","-74.46889113571368","40.795362700049864","@"
"Tue, 13 Aug 13 03:53:01 +0000","Red Robin Gourmet Burgers","-122.3247445535391","47.39761175677728","@"
"Sat, 10 Aug 13 17:16:29 +0000","Hurricane Coffee","-123.14876903712334","48.05161572902415","@"
"Fri, 09 Aug 13 04:10:00 +0000","Blue Agave Mexican Grill","-122.6281456607971","47.50494232407808","@"
"Thu, 08 Aug 13 18:17:46 +0000","Patty's Place at 19 Mile House","-122.7995732312953","46.29710760032815","@"
"Tue, 06 Aug 13 21:00:33 +0000","Windy Ridge Viewpoint","-122.137196094633","46.24966790386465","@"
"Mon, 05 Aug 13 03:16:37 +0000","Idylwood Park","-122.10182354571074","47.64368775298215","@"
"Sun, 04 Aug 13 18:16:42 +0000","Hattie's Hat Restaurant","-122.38337779002163","47.66578967013952","@"
"Sun, 04 Aug 13 05:01:25 +0000","Buca di Beppo Italian Restaurant","-122.33964926845452","47.62626989778334","@"
"Sat, 03 Aug 13 19:27:05 +0000","Wild Waves Theme Park","-122.31024725046122","47.274511479856145","@"
"Fri, 02 Aug 13 22:33:08 +0000","Spin Alley Bowling Center","-122.37601350373427","47.769759087189854","@"
"Fri, 02 Aug 13 18:17:32 +0000","Cafe Javasti","-122.2908767740214","47.69136787001642","@"
"Fri, 02 Aug 13 01:52:04 +0000","Village Sushi","-122.31530862331675","47.66444005044486","@"
"Thu, 01 Aug 13 21:20:36 +0000","Crpe de France","-122.34008223932142","47.60857230228906","@"
"Thu, 01 Aug 13 00:16:00 +0000","Theo Chocolate","-122.35417356320528","47.65153827948839","@"
"Wed, 31 Jul 13 21:05:35 +0000","Agua Verde Paddle Club","-122.33027461927082","47.644960207859","@"
"Thu, 25 Jul 13 13:35:22 +0000","2beans","-73.97825947182122","40.751420950708294","@"
"Thu, 25 Jul 13 00:52:15 +0000","Pairings +Palate +Plate","-74.30429597750252","40.654631682596985","@"
"Mon, 22 Jul 13 23:17:41 +0000","Aikou Restaurant","-74.47946875563959","40.795034553459","@"
"Fri, 19 Jul 13 20:31:33 +0000","Prospect Tavern","-74.41353145687454","40.756464321047915","@"
"Fri, 12 Jul 13 21:32:37 +0000","Blaue Gans","-74.00793503380889","40.71635082528592","@"
"Fri, 05 Jul 13 22:05:46 +0000","Yankee Stadium","-73.92709841820988","40.82970605961347","@"
"Sun, 30 Jun 13 15:49:28 +0000","Sunroom Cafe","-89.39631099983612","43.07471632658559","@"
"Sun, 16 Jun 13 12:32:25 +0000","SmartWorld Coffee","-74.47891928455415","40.79466454468105","@"
"Sun, 16 Jun 13 12:32:10 +0000","Mayo Performing Arts Center (MPAC)","-74.47893645555158","40.79458964915988","@"
"Sat, 08 Jun 13 23:27:49 +0000","Clearview Cinemas: Headquarters Theatre 10","-74.47997243595903","40.800371246890755","@"
"Sat, 08 Jun 13 22:29:15 +0000","Don's Burgers and Fries","-74.47819810114815","40.79452684841372","@"
"Tue, 28 May 13 23:30:26 +0000","Thirsty Turtle","-74.39350726585815","40.78926126244284","@"
"Fri, 24 May 13 22:24:42 +0000","Cask And KETTLE Homebrew","-74.4132566190561","40.90589467667563","@"
"Thu, 23 May 13 22:41:22 +0000","IYO Frozen Yougurt","-74.43145798017542","40.746664604374004","@"
"Wed, 22 May 13 19:39:48 +0000","AT&amp;T Shannon Laboratory","-74.41299323241479","40.77492692408241","@"
"Thu, 16 May 13 16:11:25 +0000","South Street Creamery","-74.47698467477328","40.792892301631696","@"
"Mon, 22 Apr 13 19:36:16 +0000","Swarthmore College","-75.35600050346815","39.907104838571705","@"
"Mon, 22 Apr 13 17:56:04 +0000","Chive Cafe &amp; Catering","-75.03357153034199","40.34660010302497","@"
"Tue, 09 Apr 13 03:48:41 +0000","End of Elm","-74.47329283078174","40.79641669147739","@"
"Wed, 27 Mar 13 15:19:44 +0000","Alice's Tea Cup: Chapter III","-73.95531817292168","40.7750936386824","@"
"Tue, 26 Mar 13 23:02:45 +0000","Teuscher Chocolates","-73.97739283744367","40.75802754835512","@"
"Sat, 23 Mar 13 18:07:25 +0000","Fat Belly's Grill &amp; Bar","-70.75779436112705","43.07840806641719","@"
"Fri, 15 Mar 13 12:43:49 +0000","SmartWorld Coffee","-74.47886777155183","40.7950340814474","@"
"Sun, 10 Mar 13 15:56:13 +0000","Shawnee Mountain Ski Area","-75.08148443739069","41.03498004550804","@"
"Sat, 09 Mar 13 00:15:36 +0000","SmartWorld Coffee","-74.4786159299899","40.79493188924893","@"
"Fri, 01 Mar 13 04:21:14 +0000","Jackson Gore Inn","-72.71797973274677","43.4238274955775","@"
"Fri, 01 Mar 13 01:06:53 +0000","McDonald's","-73.63796952235006","42.74764485047365","@"
"Wed, 27 Feb 13 23:56:44 +0000","Mayo Performing Arts Center (MPAC)","-74.47906809980938","40.794240773507155","@"
"Wed, 27 Feb 13 23:26:18 +0000","Millies Old World Meatballs And Pizza","-74.479119612753","40.7948176009245","@"
"Wed, 27 Feb 13 13:09:39 +0000","SmartWorld Coffee","-74.47898796853376","40.79452429936576","@"
"Sat, 23 Feb 13 18:28:18 +0000","The Gravity Vault","-74.38094876927096","40.73131557896359","@"
"Fri, 22 Feb 13 13:28:27 +0000","SmartWorld Coffee","-74.47891356088797","40.79465410166299","@"
"Tue, 19 Feb 13 15:14:07 +0000","Hilton Dallas Lincoln Centre","-96.81681679913282","32.92407992141468","@"
"Tue, 19 Feb 13 15:14:07 +0000","Hilton Dallas Lincoln Centre","-96.81681679913282","32.92407992141468","@"
"Mon, 18 Feb 13 20:59:27 +0000","Newark Liberty International Airport (EWR)","-74.18152230345571","40.6872517649433","@"
"Sat, 16 Feb 13 20:36:36 +0000","Red Lobster","-74.64900076768838","40.873358089376","@"
"Sat, 16 Feb 13 15:53:28 +0000","Shawnee Mountain Ski Area","-75.08207185161069","41.036878342888215","@"
"Mon, 11 Feb 13 19:33:00 +0000","AT&amp;T Shannon Laboratory","-74.41367460140339","40.77480362005793","@"
"Sun, 10 Feb 13 15:09:37 +0000","Shawnee Mountain Ski Area","-75.08385689316717","41.04041328385908","@"
"Fri, 08 Feb 13 17:57:48 +0000","Snowapocalypse","-74.45705352200036","40.79549709234413","@"
"Fri, 08 Feb 13 17:57:48 +0000","Snowapocalypse","-74.45705352200036","40.79549709234413","@"
"Wed, 06 Feb 13 13:35:03 +0000","SmartWorld Coffee","-74.47887921888699","40.79459144351567","@"
"Tue, 05 Feb 13 13:18:54 +0000","DRIP coffee","-74.4159362696614","40.75935136558533","@"
"Sat, 02 Feb 13 23:48:46 +0000","Panera Bread","-74.39176642348576","40.787669005920115","@"
"Sat, 02 Feb 13 23:39:31 +0000","Kyoto","-74.39144574014385","40.78865780770371","@"
"Sat, 02 Feb 13 17:14:55 +0000","The Gravity Vault","-74.38112057408499","40.731310334699536","@"
"Fri, 01 Feb 13 13:33:16 +0000","SmartWorld Coffee","-74.47883342954191","40.79457549676156","@"
"Wed, 30 Jan 13 13:09:11 +0000","SmartWorld Coffee","-74.47892500822016","40.79428871549526","@"
"Tue, 29 Jan 13 13:17:02 +0000","DRIP coffee","-74.41564425841563","40.75934490150396","@"
"Sat, 26 Jan 13 17:07:06 +0000","South Street Creamery","-74.47687020015474","40.79295383066479","@"
"Sat, 26 Jan 13 00:52:58 +0000","Wellmont Theatre","-74.21658267467042","40.812435885667085","@"
"Tue, 22 Jan 13 23:01:53 +0000","Thirsty Turtle","-74.39393674738409","40.78963438862916","@"
"Sun, 20 Jan 13 22:34:48 +0000","Pamir","-74.48076229537153","40.796052359237876","@"
"Sun, 20 Jan 13 17:10:55 +0000","Campgaw Mountain","-74.19564241290298","41.0612552805338","@"
"Sat, 19 Jan 13 19:38:24 +0000","The Gravity Vault","-74.38109766678599","40.73116703420222","@"
"Sat, 12 Jan 13 03:13:45 +0000","Friendly's","-74.45688751499743","40.788965755952624","@"
"Sat, 12 Jan 13 02:43:43 +0000","The Gravity Vault","-74.38108048630981","40.73099553164284","@"
"Fri, 04 Jan 13 16:05:09 +0000","AT&amp;T Shannon Laboratory","-74.41287871636209","40.7748290308056","@"
"Thu, 03 Jan 13 17:24:19 +0000","54 Main Bar &amp; Grille","-74.41520337778262","40.75897494440503","@"
"Fri, 28 Dec 12 20:20:31 +0000","IKEA Restaurant &amp; Caf","-74.1704112048052","40.675685400980115","@"
"Fri, 28 Dec 12 20:19:43 +0000","IKEA Elizabeth","-74.1704112048052","40.675685400980115","@"
"Sun, 23 Dec 12 19:03:42 +0000","The Gravity Vault","-74.38090868145727","40.731764262309554","@"
"Fri, 21 Dec 12 19:34:05 +0000","AT&amp;T Shannon Laboratory","-74.41353145687454","40.77595732364815","@"
"Fri, 21 Dec 12 17:05:59 +0000","Smashburger","-74.39225890035317","40.787597049025365","@"
"Sat, 15 Dec 12 18:46:08 +0000","Max Brenner","-73.99089122857772","40.73430381199938","@"
"Sat, 15 Dec 12 01:45:42 +0000","Minado Restaurant","-74.49131058458835","40.86182175780457","@"
"Thu, 13 Dec 12 23:43:52 +0000","Panera Bread","-74.3917893294167","40.787565962051914","@"
"Tue, 11 Dec 12 23:43:46 +0000","Friendly's","-74.45573691044358","40.788792978114785","@"
"Sun, 09 Dec 12 20:02:53 +0000","Starbucks","-74.39933094728117","40.748963564042484","@"
"Sun, 09 Dec 12 18:17:06 +0000","The Gravity Vault","-74.3810690326581","40.731380525210255","@"
"Sun, 09 Dec 12 13:52:48 +0000","Jersey Boy Bagels","-74.47991519963178","40.795564226653454","@"
"Sun, 09 Dec 12 13:52:13 +0000","SmartWorld Coffee","-74.48036164248997","40.7957365998423","@"
"Sat, 08 Dec 12 17:57:55 +0000","Smashburger","-74.39236770319873","40.78824450518099","@"
"Tue, 04 Dec 12 23:59:44 +0000","Friendly's","-74.4569733807081","40.7889582541354","@"
"Mon, 03 Dec 12 21:31:23 +0000","Woodland Elementary","-74.46368222568672","40.784511356152464","@"
"Sat, 01 Dec 12 19:01:20 +0000","New Jersey Rock Gym","-74.33714462293032","40.8590944579028","@"
"Sat, 01 Dec 12 00:25:57 +0000","J &amp; J Taxi","-74.47828395647066","40.79452415746663","@"
"Sat, 01 Dec 12 00:24:19 +0000","SmartWorld Coffee","-74.4790223105135","40.79501668313972","@"
"Fri, 30 Nov 12 22:25:37 +0000","Trattoria Mediterranea","-74.64600448327265","40.68011079087931","@"
"Wed, 21 Nov 12 22:52:49 +0000","Utsav","-73.98239171447044","40.75804270686026","@"
"Wed, 21 Nov 12 00:45:03 +0000","Guerriero's","-74.47649243338483","40.79265084814698","@"
"Mon, 12 Nov 12 23:54:05 +0000","J &amp; J Taxi","-74.4783984301688","40.79453505458693","@"
"Fri, 09 Nov 12 19:12:38 +0000","Max Brenner","-75.1659128706734","39.949137874950246","@"
"Fri, 09 Nov 12 18:09:08 +0000","Mtter Museum","-75.17671403034879","39.95320551374793","@"
"Fri, 09 Nov 12 16:01:34 +0000","Little Pete's","-75.16854625622358","39.949775630665414","@"
"Thu, 08 Nov 12 17:02:00 +0000","Max Brenner","-75.1659185706898","39.949226958961845","@"
"Thu, 08 Nov 12 01:09:15 +0000","Nor'Easterpocalypse 2012","-74.45724242633098","40.79584655454511","@"
"Tue, 06 Nov 12 15:49:11 +0000","Normandy Park School","-74.41272411957395","40.77468697492914","@"
"Sun, 04 Nov 12 22:20:51 +0000","Pearly Baker's Alehouse","-75.20886230899012","40.6910258620385","@"
"Sun, 04 Nov 12 19:19:30 +0000","The Crayola Store","-75.20981964611877","40.6907727039537","@"
"Thu, 25 Oct 12 17:42:21 +0000","Strata Conference 2012","-73.97978611625746","40.76218295253346","@"
"Thu, 25 Oct 12 17:41:07 +0000","New York Hilton Midtown","-73.97975742004525","40.762183701335076","@"
"Wed, 24 Oct 12 14:46:07 +0000","New York Hilton Midtown","-73.98019934123819","40.76255998108507","@"
"Tue, 23 Oct 12 22:42:58 +0000","New York Hilton Midtown","-73.97931549783644","40.76118999808717","@"
"Thu, 18 Oct 12 03:37:26 +0000","Courtyard - Silver Spring Downtown","-77.02516058791448","38.99612334091376","@"
"Wed, 17 Oct 12 22:40:15 +0000","Stat's Pumpkin Patch","-74.45741415736512","40.79560946856316","@"
"Wed, 17 Oct 12 12:07:35 +0000","SmartWorld Coffee","-74.47894790288225","40.794716759743416","@"
"Sun, 14 Oct 12 15:41:18 +0000","Original Pancake House","-74.42682622860606","40.825737456368216","@"
"Sun, 14 Oct 12 13:42:28 +0000","SmartWorld Coffee","-74.47903948150085","40.7946086298461","@"
"Sat, 13 Oct 12 18:25:44 +0000","The Artist Baker","-74.48188411858027","40.7991950790649","@"
"Fri, 12 Oct 12 20:56:24 +0000","Yankee Stadium","-73.926174146015","40.82888064345631","@"
"Fri, 12 Oct 12 20:56:07 +0000","Stan's Sports Bar","-73.92626025851715","40.82923975372561","@"
"Fri, 12 Oct 12 12:44:25 +0000","International Affairs Building - Columbia University","-73.95969198116858","40.807253324838484","@"
"Wed, 10 Oct 12 22:14:01 +0000","Stat's Pumpkin Patch","-74.45725387507179","40.7957563981138","@"
"Tue, 09 Oct 12 22:50:37 +0000","Takuma","-74.414126937357","40.757010200041094","@"
"Sat, 06 Oct 12 17:00:07 +0000","South Street Creamery","-74.47693888493481","40.7927459840004","@"
"Sat, 06 Oct 12 16:11:38 +0000","SmartWorld Coffee","-74.478736127144","40.794668355059365","@"
"Fri, 05 Oct 12 23:21:01 +0000","Tito's Burritos","-74.48252515719808","40.797583618533125","@"
"Sat, 29 Sep 12 23:03:49 +0000","The Famished Frog","-74.48255949848661","40.79724553176384","@"
"Thu, 27 Sep 12 23:06:54 +0000","Sushi Lounge","-74.48297731695924","40.797317396723464","@"
"Thu, 27 Sep 12 12:11:54 +0000","SmartWorld Coffee","-74.4789593502122","40.79460727930245","@"
"Tue, 25 Sep 12 22:38:40 +0000","Trap Rock Restaurant &amp; Brewery","-74.43473276733322","40.688913083390744","@"
"Sun, 23 Sep 12 21:44:01 +0000","Shanghai Jazz","-74.41623400612386","40.759585646547386","@"
"Sun, 12 Aug 12 18:58:00 +0000","Ginty Pool","-74.46580587683069","40.77846732783808","@"
"Thu, 02 Aug 12 02:59:24 +0000","The Beer Company","-117.15922111594138","32.715799682838025","@"
"Thu, 02 Aug 12 00:35:05 +0000","San Diego Convention Center","-117.15891094401329","32.7069006422143","@"
"Wed, 01 Aug 12 04:04:39 +0000","Gaslamp Tavern","-117.16010567774823","32.71452169318707","@"
"Tue, 31 Jul 12 23:57:55 +0000","La Piata","-117.19776492850345","32.75635770486765","@"
"Tue, 31 Jul 12 04:20:31 +0000","Knotty Barrel","-117.1568603511144","32.711844350615245","@"
"Mon, 30 Jul 12 06:03:12 +0000","Rockin' Baja Lobster - Coastal Cantina","-117.1601401411179","32.7083745681332","@"
"Thu, 26 Jul 12 02:26:06 +0000","Sweet Rose Creamery","-118.49039078714121","34.04716376530288","@"
"Thu, 26 Jul 12 02:25:17 +0000","Kay 'n Dave's 26th St","-118.49049913030721","34.04730135591653","@"
"Wed, 25 Jul 12 17:43:54 +0000","The Worker Bee Cafe","-119.5188284999811","34.39875203010112","@"
"Wed, 25 Jul 12 01:30:45 +0000","The Natural Cafe","-119.69573876408384","34.41709944481795","@"
"Tue, 24 Jul 12 20:38:36 +0000","Ostrichland","-120.17659049881527","34.6063685841939","@"
"Tue, 24 Jul 12 03:00:45 +0000","Eureka!","-120.66242410449642","35.2792104128332","@"
"Mon, 23 Jul 12 22:16:16 +0000","Pete's Pierside Cafe","-120.75397925418332","35.169000938636685","@"
"Mon, 23 Jul 12 19:42:35 +0000","Avila Beach","-120.73599689690926","35.17898889190411","@"
"Sun, 22 Jul 12 02:44:49 +0000","Dennis the Menace Park","-121.8860478352897","36.598280566786784","@"
"Sun, 22 Jul 12 00:38:48 +0000","Louie Linguini's","-121.89961974582907","36.61605618582391","@"
"Sat, 21 Jul 12 20:24:19 +0000","Monterey Bay Aquarium","-121.90152034707378","36.616741783830776","@"
"Sat, 21 Jul 12 19:37:20 +0000","Monterey Crepe Company","-121.90090904615026","36.61545383575146","@"
"Sat, 21 Jul 12 04:28:03 +0000","Le Mridien","-122.40048166232432","37.79569839402577","@"
"Sat, 21 Jul 12 01:25:24 +0000","Sanraku","-122.41191482381899","37.78788048235605","@"
"Fri, 20 Jul 12 18:20:33 +0000","Winchester Mystery House","-121.95108556488975","37.31863239932499","@"
"Fri, 20 Jul 12 03:14:05 +0000","Le Mridien","-122.40012210878346","37.794980778624215","@"
"Fri, 20 Jul 12 00:26:11 +0000","Buena Vista Cafe","-122.42117881014396","37.80641539680634","@"
"Thu, 19 Jul 12 22:20:12 +0000","Gelateria Naia","-122.4094811635683","37.799900750953654","@"
"Thu, 19 Jul 12 19:52:01 +0000","Rogue Ales Public House","-122.41068693864564","37.80027429791738","@"
"Thu, 19 Jul 12 19:06:53 +0000","Joe DiMaggio Playground","-122.41236836336256","37.802190078618004","@"
"Wed, 18 Jul 12 23:34:57 +0000","Japanese Tea Garden","-122.46918909557291","37.77008140953448","@"
"Wed, 18 Jul 12 23:34:11 +0000","Parkwide Bike Rentals","-122.46900114476338","37.76991602995519","@"
"Wed, 18 Jul 12 17:50:41 +0000","Bandpage HQ","-122.39499972027978","37.78405735347877","@"
"Wed, 18 Jul 12 00:28:20 +0000","Ristorante Ideale","-122.40718019659681","37.79883115833913","@"
"Tue, 17 Jul 12 23:25:01 +0000","Coit Tower","-122.40591353703499","37.802597758904064","@"
"Tue, 17 Jul 12 03:52:12 +0000","Le Mridien","-122.39991190768268","37.794784845544605","@"
"Tue, 17 Jul 12 03:23:47 +0000","Hecho","-122.40362355481669","37.78967087311873","@"
"Mon, 16 Jul 12 22:48:55 +0000","Blue Bottle Coffee","-122.42434773547501","37.776180397639564","@"
"Mon, 16 Jul 12 21:26:42 +0000","Bi-Rite Creamery","-122.42572477791916","37.76138765707618","@"
"Mon, 16 Jul 12 20:22:02 +0000","Helen Diller Playground","-122.4260565926741","37.75832114494066","@"
"Mon, 16 Jul 12 15:02:46 +0000","Le Mridien","-122.40127267578819","37.794873744076824","@"
"Mon, 16 Jul 12 15:01:25 +0000","Stat's Pumpkin Patch","-74.45996148140834","40.79570398364348","@"
"Sun, 15 Jul 12 16:44:47 +0000","Caf de la Presse","-122.40544890699464","37.79030552609603","@"
"Sun, 15 Jul 12 15:01:16 +0000","Stat's Pumpkin Patch","-74.45996148140834","40.79570398364348","@"
"Sun, 15 Jul 12 02:14:55 +0000","Maykadeh Persian Cuisine","-122.40518340319258","37.798077318016254","@"
"Sat, 14 Jul 12 23:22:35 +0000","TCHO","-122.3988830225511","37.80162807470827","@"
"Sat, 14 Jul 12 19:04:41 +0000","San Francisco International Airport (SFO)","-122.38927960954854","37.61794746230305","@"
"Sat, 14 Jul 12 15:01:16 +0000","Stat's Pumpkin Patch","-74.45996148140834","40.79570398364348","@"
"Sat, 14 Jul 12 11:38:01 +0000","Garden State Diner","-74.17289950661485","40.694389406903156","@"
"Fri, 13 Jul 12 15:01:23 +0000","Stat's Pumpkin Patch","-74.45996148140834","40.79570398364348","@"
"Thu, 12 Jul 12 15:01:22 +0000","Stat's Pumpkin Patch","-74.45996148140834","40.79570398364348","@"
"Thu, 12 Jul 12 13:00:35 +0000","AT&amp;T Lindbergh Center","-84.36957369973354","33.823003737681624","@"
"Wed, 11 Jul 12 15:01:22 +0000","Stat's Pumpkin Patch","-74.45996148140834","40.79570398364348","@"
"Tue, 10 Jul 12 15:01:20 +0000","Stat's Pumpkin Patch","-74.45996148140834","40.79570398364348","@"
"Mon, 09 Jul 12 23:43:16 +0000","Stat's Pumpkin Patch","-74.4575400933506","40.79554471733923","@"
"Mon, 09 Jul 12 15:01:56 +0000","Stat's Pumpkin Patch","-74.45996148140834","40.79570398364348","@"
"Sun, 08 Jul 12 21:40:47 +0000","Ginty Pool","-74.46506174322393","40.77802212542435","@"
"Sun, 08 Jul 12 15:01:17 +0000","Stat's Pumpkin Patch","-74.45996148140834","40.79570398364348","@"
"Sun, 08 Jul 12 13:00:35 +0000","Baskingham Palace","-74.4614555127758","40.778965456260416","@"
"Sun, 08 Jul 12 12:00:37 +0000","The Baskin Secret Sanctum","-74.46133530382369","40.77892960752937","@"
"Sat, 07 Jul 12 22:10:08 +0000","Ginty Pool","-74.46504457087282","40.777836240629675","@"
"Sat, 07 Jul 12 15:01:16 +0000","Stat's Pumpkin Patch","-74.45996148140834","40.79570398364348","@"
"Sat, 07 Jul 12 13:00:36 +0000","Baskingham Palace","-74.4614555127758","40.778965456260416","@"
"Sat, 07 Jul 12 12:01:27 +0000","The Baskin Secret Sanctum","-74.46133530382369","40.77892960752937","@"
"Sat, 07 Jul 12 01:32:00 +0000","Stat's Pumpkin Patch","-74.45738553553771","40.795798650328685","@"
"Fri, 06 Jul 12 15:02:24 +0000","Stat's Pumpkin Patch","-74.45996148140834","40.79570398364348","@"
"Fri, 06 Jul 12 13:00:45 +0000","Baskingham Palace","-74.4614555127758","40.778965456260416","@"
"Fri, 06 Jul 12 12:00:52 +0000","The Baskin Secret Sanctum","-74.46133530382369","40.77892960752937","@"
"Thu, 05 Jul 12 15:01:22 +0000","Stat's Pumpkin Patch","-74.45996148140834","40.79637024634599","@"
"Thu, 05 Jul 12 13:00:45 +0000","Baskingham Palace","-74.4614555127758","40.778965456260416","@"
"Thu, 05 Jul 12 12:00:50 +0000","The Baskin Secret Sanctum","-74.46133530382369","40.77892960752937","@"
"Thu, 05 Jul 12 03:03:11 +0000","Baskingham Palace","-74.4614555127758","40.778965456260416","@"
"Thu, 05 Jul 12 01:04:54 +0000","Florham Park Fireworks","-74.40224557972337","40.78572728512343","@"
"Wed, 04 Jul 12 23:14:12 +0000","Kyoto","-74.39071274748447","40.78925169033146","@"
"Wed, 04 Jul 12 21:08:56 +0000","Ginty Pool","-74.46593753091084","40.7781715061151","@"
"Wed, 04 Jul 12 21:07:54 +0000","Baskingham Palace","-74.46593753091084","40.7781715061151","@"
"Wed, 04 Jul 12 17:58:30 +0000","Stat's Pumpkin Patch","-74.45733401623666","40.79570465934736","@"
"Tue, 03 Jul 12 23:13:34 +0000","Ginty Pool","-74.46555401657714","40.77803184915842","@"
"Sun, 01 Jul 12 01:01:16 +0000","Somerset Patriots Baseball @ TD Bank Ballpark","-74.55359719480414","40.56113446936065","@"
"Sat, 30 Jun 12 21:39:28 +0000","Ginty Pool","-74.45766030488926","40.795450210329264","@"
"Sun, 24 Jun 12 21:17:20 +0000","Ginty Pool","-74.46538801757684","40.778076641577506","@"
"Sat, 23 Jun 12 18:35:53 +0000","Ginty Pool","-74.46575435998994","40.778479563588064","@"
"Wed, 20 Jun 12 19:19:54 +0000","AT&amp;T Shannon Laboratory","-74.41382347159113","40.77524428559522","@"
"Tue, 12 Jun 12 13:58:41 +0000","Philadelphia Marriott Downtown","-75.16068586857534","39.9524020520731","@"
"Fri, 08 Jun 12 19:01:56 +0000","Aroma Espresso Bar","-74.00936388995014","40.71258470702666","@"
"Fri, 08 Jun 12 18:47:26 +0000","National September 11 Memorial &amp; Museum","-74.01230764423786","40.710254477069604","@"
"Fri, 08 Jun 12 16:49:48 +0000","Walker's","-74.00692507282733","40.71981877626001","@"
"Fri, 08 Jun 12 13:42:04 +0000","AT&amp;T","-73.98234580115131","40.76347732493349","@"
"Thu, 07 Jun 12 22:54:31 +0000","David Todd's City Tavern","-74.47615473210055","40.792280939881906","@"
"Sat, 26 May 12 17:37:51 +0000","Brookdale Dog Park","-74.46393981276876","40.78159617570159","@"
"Sat, 05 May 12 22:35:10 +0000","Grilled Cheese at the Melt Factory","-74.4786960614351","40.79745841815378","@"
"Tue, 10 Apr 12 20:54:07 +0000","Washington Square Park","-73.9981049029518","40.73114264387824","@"
"Fri, 06 Apr 12 13:28:05 +0000","Hersheypark","-76.65861187311938","40.28757945064318","@"
"Thu, 05 Apr 12 22:59:15 +0000","The Chocolate Avenue Grill","-76.65349649803198","40.284535449908205","@"
"Wed, 04 Apr 12 19:16:12 +0000","Friendly's","-74.45940050084492","40.79257060762867","@"
"Sat, 31 Mar 12 22:58:16 +0000","Prospect Tavern","-74.4137146818508","40.75621908245911","@"
"Fri, 16 Mar 12 23:16:07 +0000","Jackson Gore Base Lodge","-72.71702147765657","43.42287400642549","@"
"Tue, 13 Mar 12 22:33:59 +0000","Aji Sushi","-74.47914250738975","40.82840202381197","@"
"Tue, 13 Mar 12 10:22:11 +0000","Austin Bergstrom International Airport (AUS)","-97.66971901180403","30.20220691635892","@"
"Tue, 13 Mar 12 06:43:58 +0000","The Mohawk","-97.736066016092","30.270062706775175","@"
"Tue, 13 Mar 12 05:09:25 +0000","BandPage HQ","-97.7362039286937","30.26752965374311","@"
"Tue, 13 Mar 12 02:30:21 +0000","Copa Bar &amp; Grill","-97.74401764906283","30.264659972827342","@"
"Tue, 13 Mar 12 00:00:03 +0000","gdgt live at Austin Music Hall #gdgtaustin","-97.74991166656326","30.266858233550202","@"
"Mon, 12 Mar 12 23:24:11 +0000","Wahoo's Fish Taco","-97.74946071172006","30.269628137467333","@"
"Mon, 12 Mar 12 20:28:21 +0000","The Driskill","-97.74150846448038","30.2681899701111","@"
"Mon, 12 Mar 12 17:40:26 +0000","AT&amp;T","-97.74081885223758","30.282041366327388","@"
"Mon, 12 Mar 12 14:33:05 +0000","Austin Convention Center","-97.73985871104996","30.26248189478659","@"
"Mon, 12 Mar 12 03:42:42 +0000","Amy's Ice Creams","-97.75446912500946","30.271828120469948","@"
"Mon, 12 Mar 12 01:42:25 +0000","Blue Moon","-97.73825143216592","30.26672553427432","@"
"Mon, 12 Mar 12 01:36:44 +0000","Bar-B-Que Heaven","-97.73763611398499","30.266593975679456","@"
"Sun, 11 Mar 12 20:13:35 +0000","Hilton Garden Inn Austin Downtown/Convention Center","-97.7375724606869","30.26609387281044","@"
"Sun, 11 Mar 12 17:03:13 +0000","ACC - Ballroom D","-97.73674497304714","30.262895616488628","@"
"Sun, 11 Mar 12 16:49:38 +0000","Austin Convention Center","-97.73670253804566","30.263071685133784","@"
"Sun, 11 Mar 12 04:58:26 +0000","Iron Cactus Mexican Grill &amp; Margarita Bar","-97.73929111992828","30.26701673391592","@"
"Sun, 11 Mar 12 04:40:37 +0000","Maggie Mae's","-97.73954573967889","30.267074450122156","@"
"Sun, 11 Mar 12 02:32:50 +0000","Lester E. Palmer Events Center","-97.75365735590464","30.260992988071006","@"
"Sun, 11 Mar 12 01:30:21 +0000","Austin Convention Center","-97.74426167600961","30.262943559016932","@"
"Sat, 10 Mar 12 21:27:18 +0000","SXSW Rainpocalypse","-97.74011863748292","30.263810191708686","@"
"Sat, 10 Mar 12 21:01:04 +0000","Austin Convention Center","-97.74077641478159","30.263071444436946","@"
"Sat, 10 Mar 12 19:39:16 +0000","Courtyard Austin Downtown/Convention Center","-97.73974200969816","30.262824719045295","@"
"Sat, 10 Mar 12 18:59:59 +0000","Austin Bergstrom International Airport (AUS)","-97.66884463017753","30.202157273939434","@"
"Sat, 10 Mar 12 17:32:14 +0000","George Bush Intercontinental Airport (IAH)","-95.33777160773388","29.98821588755797","@"
"Sat, 10 Mar 12 00:44:34 +0000","Sussex Avenue School","-74.48963366074376","40.810025527122825","@"
"Thu, 08 Mar 12 23:25:52 +0000","Aikou Restaurant","-74.47956033398684","40.79504230445213","@"
"Wed, 07 Mar 12 15:24:51 +0000","AT&amp;T Shannon Laboratory","-74.41324516747112","40.77507275032715","@"
"Tue, 06 Mar 12 22:16:51 +0000","Starbucks","-74.39249368535809","40.788710879748656","@"
"Tue, 06 Mar 12 13:52:15 +0000","AT&amp;T Shannon Laboratory","-74.4137433107363","40.775011090668684","@"
"Mon, 05 Mar 12 14:56:35 +0000","AT&amp;T Shannon Laboratory","-74.41372613340556","40.77498940468137","@"
"Sun, 04 Mar 12 20:46:51 +0000","Cracker Barrel Old Country Store","-73.8921624689241","41.529693635816436","@"
"Sun, 04 Mar 12 04:20:11 +0000","Mount Wachusett Community College","-71.98390951071197","42.59250182773021","@"
"Sun, 04 Mar 12 00:07:04 +0000","Wendy's","-71.97836448226828","42.56618502932928","@"
"Sat, 03 Mar 12 23:53:55 +0000","Friendly's Ice Cream Shop","-71.97924428477879","42.56616069594228","@"
"Sat, 03 Mar 12 21:38:34 +0000","Gulf Gas Station","-73.00897720556058","41.539221810757894","@"
"Sat, 03 Mar 12 00:00:53 +0000","Raul's Empanadas Town","-74.47659546076619","40.797387102232676","@"
"Fri, 02 Mar 12 22:06:04 +0000","Trap Rock Restaurant &amp; Brewery","-74.43480719361062","40.689310252728674","@"
"Thu, 01 Mar 12 00:03:30 +0000","Mayo Performing Arts Center (MPAC)","-74.477906192738","40.79446743396596","@"
"Wed, 29 Feb 12 22:51:46 +0000","Tomato Pie","-74.48051618013821","40.796013726531214","@"
"Wed, 29 Feb 12 13:15:21 +0000","Parish House - Presbyterian Church in Morristown","-74.47941151914833","40.79409480950317","@"
"Wed, 29 Feb 12 00:35:29 +0000","Origin Thai Restaurant","-74.48073940094575","40.79605404296589","@"
"Tue, 28 Feb 12 17:10:05 +0000","AT&amp;T Shannon Laboratory","-74.41347992481595","40.775148599460024","@"
"Mon, 27 Feb 12 22:30:55 +0000","Starbucks","-74.78338455327234","40.30108756637799","@"
"Sat, 25 Feb 12 16:34:07 +0000","American Statistcal Spciety","-77.04806136864224","38.840163585030744","@"
"Sat, 25 Feb 12 01:41:46 +0000","T.J. Stone's","-77.04371544553473","38.814378366529624","@"
"Sat, 25 Feb 12 00:37:05 +0000","A La Lucia","-77.04209622591938","38.81285019024584","@"
"Fri, 24 Feb 12 21:42:11 +0000","T.J. Stone's","-77.04456440270181","38.81405180358399","@"
"Fri, 24 Feb 12 19:59:14 +0000","American Statistcal Spciety","-77.04563824063713","38.81319793364986","@"
"Fri, 24 Feb 12 14:57:34 +0000","Starbucks","-77.0453796208554","38.811440839311835","@"
"Fri, 24 Feb 12 13:34:43 +0000","Best Western Old Colony Inn","-77.04359737817134","38.81643462160341","@"
"Fri, 24 Feb 12 04:30:24 +0000","T.J. Stone's","-77.04445758060497","38.81412519649688","@"
"Fri, 24 Feb 12 02:45:21 +0000","Union Station","-77.00634980721848","38.89814778980715","@"
"Thu, 23 Feb 12 23:47:05 +0000","NJT - Metropark Station (NEC)","-74.3299899246417","40.568000303803736","@"
"Sun, 19 Feb 12 19:13:03 +0000","Clearview Cinemas: Headquarters Theatre 10","-74.48039026058323","40.800558992912144","@"
"Sat, 18 Feb 12 00:47:01 +0000","Smashburger","-74.39269983779062","40.78773038684469","@"
"Wed, 15 Feb 12 23:52:04 +0000","Aikou Restaurant","-74.47954888669604","40.79503590367157","@"
"Fri, 10 Feb 12 06:00:41 +0000","Tashmoo Bar","-74.45732829186895","40.795443160393354","@"
"Sat, 28 Jan 12 16:23:49 +0000","Presbyterian Church in Morristown","-74.480338748012","40.79407731801717","@"
"Sat, 07 Jan 12 23:02:35 +0000","Kyoto","-74.39080437173149","40.78910987033283","@"
"Thu, 29 Dec 11 18:07:54 +0000","Florham Park Roller Rink","-74.38953880765808","40.78753498290391","@"
"Fri, 16 Dec 11 02:01:21 +0000","Nikko","-73.95783226378772","40.811046687077756","@"
"Fri, 09 Dec 11 01:54:01 +0000","Melba's American Comfort Food","-73.95645468380584","40.80296126848997","@"
"Fri, 02 Dec 11 23:34:33 +0000","Raul's Empanadas Town","-74.47776882390671","40.797437257775606","@"
"Sun, 27 Nov 11 19:13:36 +0000","South Street Creamery","-74.47683013402064","40.79276484291844","@"
"Thu, 17 Nov 11 23:41:00 +0000","Whippany Diner","-74.40772541767997","40.820757305380155","@"
"Wed, 16 Nov 11 22:51:42 +0000","Raul's Empanadas Town","-74.47784895573801","40.79739515667269","@"
"Wed, 16 Nov 11 02:09:40 +0000","El Porton","-73.95877934432272","40.8139908869742","@"
"Sat, 12 Nov 11 22:01:56 +0000","Kebab Fusion","-74.48050473290968","40.795756253836","@"
"Fri, 11 Nov 11 01:50:13 +0000","Pisticci Ristorante","-73.96028318386571","40.8140698378704","@"
"Thu, 10 Nov 11 14:07:52 +0000","AT&amp;T Shannon Laboratory","-74.41315928056021","40.77511402042103","@"
"Mon, 07 Nov 11 23:52:05 +0000","South Street Creamery","-74.47688164761995","40.793023002324","@"
"Sat, 05 Nov 11 23:44:31 +0000","Blue Morel Restaurant","-74.45874220505137","40.797964712861095","@"
"Thu, 03 Nov 11 00:41:23 +0000","Bensi Ristorante Italiano","-74.50628772187603","40.86476449865484","@"
"Fri, 28 Oct 11 15:14:34 +0000","The Baskin Secret Sanctum","-74.46302967006082","40.78425261144229","@"
"Fri, 28 Oct 11 15:13:33 +0000","Woodland Elementary","-74.46303539424348","40.78425339855927","@"
"Thu, 27 Oct 11 22:06:46 +0000","Columbia University","-73.96201086291845","40.81029157685613","@"
"Thu, 27 Oct 11 02:37:43 +0000","Tashmoo Bar","-74.480825255027","40.79531261557919","@"
"Wed, 26 Oct 11 00:01:30 +0000","Tom's Delicious Pizza","-73.9589974591815","40.814812205680674","@"
"Tue, 25 Oct 11 15:01:52 +0000","AT&amp;T Shannon Laboratory","-74.41346274745976","40.775445629202096","@"
"Sat, 22 Oct 11 00:24:22 +0000","Friendly's","-74.45632080025915","40.78919198950411","@"
"Fri, 21 Oct 11 01:09:49 +0000","Panino Sportivo Roma","-73.95891710110432","40.809788958048784","@"
"Sun, 16 Oct 11 17:37:21 +0000","Hibernia Diner","-74.50210432484292","40.910973300448184","@"
"Sat, 15 Oct 11 22:08:33 +0000","Raul's Empanadas Town","-74.47773448168212","40.79748082121561","@"
"Sat, 15 Oct 11 18:15:29 +0000","Milano Gourmet Pizza","-74.47937717724461","40.79489643641132","@"
"Thu, 13 Oct 11 21:40:07 +0000","Columbia University","-73.96143688488303","40.80771352241708","@"
"Thu, 13 Oct 11 16:17:54 +0000","Soho 33","-74.41609658935702","40.759363817190795","@"
"Thu, 13 Oct 11 12:37:15 +0000","SmartWorld Coffee","-74.47833546964404","40.79474368271687","@"
"Wed, 12 Oct 11 15:20:55 +0000","SmartWorld Coffee","-74.47861020631385","40.794342040024496","@"
"Mon, 10 Oct 11 21:27:02 +0000","Begum Palace","-74.39929658983648","40.749934675061084","@"
"Sun, 09 Oct 11 16:26:30 +0000","The Chatterbox Drive-In","-74.71305945774806","41.11945178082095","@"
"Fri, 07 Oct 11 01:16:41 +0000","Galway Pub","-73.98351084823148","40.749320043590565","@"
"Thu, 06 Oct 11 20:08:30 +0000","Dylan Prime","-74.00671275080619","40.71638038867252","@"
"Tue, 04 Oct 11 05:51:01 +0000","Hard Rock Hotel San Diego","-117.15987017790022","32.70752404905053","@"
"Mon, 03 Oct 11 20:48:14 +0000","Hilton San Diego Bayfront","-117.15866969885553","32.70332833301253","@"
"Sat, 27 Aug 11 14:35:32 +0000","Friendly's","-74.45675585415992","40.788860729905515","@"
"Sat, 27 Aug 11 14:07:55 +0000","Ireneapocolypse","-74.45737981117168","40.79550335579231","@"
"Mon, 15 Aug 11 21:33:23 +0000","Hotel Du Nord","12.562123116103837","55.67224681314604","@"
"Sun, 14 Aug 11 17:11:47 +0000","KIWI, Glamsbjerg","10.106163715969286","55.28152586484588","@"
"Fri, 05 Aug 11 00:32:33 +0000","Sweet Lucy's","-74.47925125687364","40.79455080917316","@"
"Thu, 04 Aug 11 22:41:28 +0000","Urban Table","-74.4688682397429","40.79207629749187","@"
"Thu, 04 Aug 11 22:07:25 +0000","SmartWorld Coffee","-74.47919402031157","40.79463468648049","@"
"Thu, 04 Aug 11 20:22:29 +0000","Newark Liberty International Airport (EWR)","-74.18165416492097","40.696413260958735","@"
"Thu, 04 Aug 11 14:05:18 +0000","JSM 2011","-80.13703308813518","25.795282977054487","@"
"Thu, 04 Aug 11 00:46:05 +0000","Hofbru Mnchen Beer Hall","-80.13858144403008","25.79057431609778","@"
"Wed, 03 Aug 11 22:59:52 +0000","SUSHISAMBA dromo","-80.13433430243111","25.79063379618079","@"
"Wed, 03 Aug 11 20:33:15 +0000","Starbucks","-80.12956351401488","25.787455676978695","@"
"Wed, 03 Aug 11 18:51:02 +0000","Nexxt Cafe","-80.12945991681067","25.79135363429706","@"
"Wed, 03 Aug 11 14:59:50 +0000","JSM 2011","-80.13377272625162","25.794511980244756","@"
"Wed, 03 Aug 11 06:57:07 +0000","Liquor Lounge Cafe","-80.12949263173077","25.792224909214344","@"
"Wed, 03 Aug 11 03:24:54 +0000","Maxine's Bistro &amp; Bar","-80.12948717924495","25.792316015796178","@"
"Tue, 02 Aug 11 12:27:27 +0000","JSM 2011","-80.13203890476238","25.796938049107695","@"
"Tue, 02 Aug 11 03:22:23 +0000","Polar Bar","-80.13858144403008","25.790522858262605","@"
"Tue, 02 Aug 11 02:09:57 +0000","Soprano Cafe","-80.13493403992366","25.79068608919268","@"
"Mon, 01 Aug 11 18:13:51 +0000","JSM 2011","-80.13284039263453","25.79615794154764","@"
"Sun, 31 Jul 11 21:08:56 +0000","Newark Liberty International Airport (EWR)","-74.17717082246179","40.69659216719814","@"
"Sun, 31 Jul 11 16:49:58 +0000","The Morristown Green","-74.48164945207287","40.796835680908686","@"
"Sun, 31 Jul 11 16:18:50 +0000","South Street Creamery","-74.47656684205519","40.793148749378176","@"
"Sat, 30 Jul 11 23:00:31 +0000","Raul's Empanadas Town","-74.47754559932697","40.79769627859861","@"
"Fri, 29 Jul 11 22:56:05 +0000","Clearview Cinemas: Headquarters Theatre 10","-74.48059631071713","40.80056798356628","@"
"Fri, 29 Jul 11 18:01:03 +0000","Monterey Gourmet","-74.5554966292847","40.721164383856674","@"
"Wed, 27 Jul 11 22:56:08 +0000","Ninety Acres Restaurant","-74.64115542313611","40.70652328426119","@"
"Wed, 27 Jul 11 16:57:37 +0000","Smashburger","-74.39290598998498","40.78700574656065","@"
"Tue, 26 Jul 11 22:13:19 +0000","Hanover Lanes","-74.38311922462285","40.810052077448496","@"
"Mon, 25 Jul 11 15:51:39 +0000","Whole Foods Market","-74.40643134367717","40.75368764403899","@"
"Mon, 25 Jul 11 15:40:33 +0000","Starbucks","-74.4061564948901","40.7536931877282","@"
"Sun, 24 Jul 11 21:42:17 +0000","Cottage II","-74.47711059676762","40.792967543239634","@"
"Sun, 24 Jul 11 17:46:17 +0000","The Funplex","-74.37684831206869","40.81009686386209","@"
"Sat, 23 Jul 11 17:53:08 +0000","Ginty Pool","-74.46588029001852","40.778269887258816","@"
"Thu, 21 Jul 11 19:44:42 +0000","Stout","-73.98869321340102","40.74988669915502","@"
"Thu, 21 Jul 11 15:34:02 +0000","Citi Field","-73.84650954745308","40.758053434674046","@"
"Thu, 21 Jul 11 12:43:30 +0000","Starbucks","-74.4817124114105","40.796409784061325","@"
"Mon, 18 Jul 11 17:52:43 +0000","Takuma","-74.41547248687047","40.758157074359346","@"
"Mon, 18 Jul 11 12:10:25 +0000","Starbucks","-74.39292889576967","40.788795148438204","@"
"Sun, 17 Jul 11 19:05:03 +0000","Ginty Pool","-74.46564560216554","40.77853705478833","@"
"Sat, 16 Jul 11 17:10:38 +0000","Ginty Pool","-74.46542236221042","40.778641590530704","@"
"Sat, 16 Jul 11 00:44:34 +0000","Dublin Pub","-74.47824389065872","40.79470696038461","@"
"Fri, 15 Jul 11 13:21:26 +0000","Original Pancake House","-74.42405513522739","40.817716865519344","@"
"Wed, 13 Jul 11 13:04:45 +0000","Panera Bread","-74.39190958550593","40.78680531646319","@"
"Mon, 11 Jul 11 21:57:17 +0000","Brooklyn Diner","-73.98624265505508","40.75641853523292","@"
"Sun, 10 Jul 11 21:19:32 +0000","Ginty Pool","-74.46579442864514","40.77845609488606","@"
"Sun, 10 Jul 11 17:38:54 +0000","REI","-74.369563469239","40.80631416577744","@"
"Sat, 09 Jul 11 17:59:38 +0000","Saturn Playground (Kid's Kingdom)","-74.46581732501548","40.77339283088597","@"
"Sat, 09 Jul 11 15:18:33 +0000","SmartWorld Coffee","-74.47908527079227","40.79450869495862","@"
"Fri, 08 Jul 11 22:39:22 +0000","J &amp; J Taxi","-74.47808362731958","40.79568440896712","@"
"Fri, 08 Jul 11 19:18:25 +0000","AT&amp;T Shannon Laboratory","-74.41369177873909","40.7750426137545","@"
"Thu, 07 Jul 11 22:40:23 +0000","Ginty Field","-74.46525063897556","40.780269654383105","@"
"Thu, 07 Jul 11 16:33:48 +0000","Qdoba Mexican Grill","-74.3905294988493","40.78913464522194","@"
"Tue, 05 Jul 11 23:19:32 +0000","Ginty Pool","-74.46573718770634","40.77804254254068","@"
"Mon, 04 Jul 11 01:43:01 +0000","The Baskin Secret Sanctum","-74.46116357660709","40.77877559666101","@"
"Sat, 02 Jul 11 19:53:21 +0000","Ginty Pool","-74.46574291180106","40.77799020411238","@"
"Sat, 02 Jul 11 00:38:29 +0000","The Baskin Secret Sanctum","-74.4617989664731","40.77888229191668","@"
"Fri, 01 Jul 11 17:16:59 +0000","SmartWorld Coffee","-74.47915395470702","40.79460986930755","@"
"Thu, 30 Jun 11 21:19:11 +0000","Milano Gourmet Pizza","-74.47919974396862","40.79478515272156","@"
"Tue, 28 Jun 11 16:11:18 +0000","Whole Foods Market","-74.40562970019549","40.75307943884304","@"
"Fri, 24 Jun 11 16:49:41 +0000","AT&amp;T Shannon Laboratory","-74.4133654090767","40.77506036500452","@"
"Fri, 24 Jun 11 00:14:52 +0000","South Street Creamery","-74.47640085343961","40.79283623503944","@"
"Thu, 23 Jun 11 23:09:59 +0000","Guerriero's","-74.47640085343961","40.79283623503944","@"
"Thu, 23 Jun 11 19:46:42 +0000","AT&amp;T Shannon Laboratory","-74.41288444216647","40.77535618542305","@"
"Thu, 23 Jun 11 13:05:10 +0000","Panera Bread","-74.39150873156005","40.787097525860176","@"
"Wed, 22 Jun 11 19:36:29 +0000","AT&amp;T Shannon Laboratory","-74.41599352671216","40.76732402910218","@"
"Tue, 21 Jun 11 19:00:57 +0000","Hilton East Brunswick Hotel &amp; Executive Meeting Center","-74.41957205577147","40.483004293254574","@"
"Mon, 20 Jun 11 16:58:11 +0000","Hilton East Brunswick Hotel &amp; Executive Meeting Center","-74.40919698597492","40.47998337059399","@"
"Sun, 19 Jun 11 18:03:25 +0000","Starbucks","-74.39253377057196","40.78940676005323","@"
"Sat, 18 Jun 11 22:14:50 +0000","South Street Creamery","-74.47665842191398","40.79289093584345","@"
"Sat, 18 Jun 11 20:32:33 +0000","Morristown High School","-74.48564446351297","40.801386784428296","@"
"Sat, 18 Jun 11 16:40:15 +0000","Ginty Pool","-74.46575435998994","40.77815115392842","@"
"Thu, 16 Jun 11 12:43:26 +0000","Starbucks","-74.39225890035317","40.78859637087963","@"
"Wed, 15 Jun 11 16:13:15 +0000","AT&amp;T Shannon Laboratory","-74.4132508932637","40.77551298130318","@"
"Mon, 13 Jun 11 18:59:21 +0000","AT&amp;T Shannon Laboratory","-74.41365169828651","40.77580972704262","@"
"Sun, 12 Jun 11 18:51:39 +0000","Rettigs Gymnastics","-74.44816334112468","40.80743805366429","@"
"Sat, 11 Jun 11 21:51:12 +0000","J &amp; J Taxi","-74.47848428539348","40.79444062394405","@"
"Sat, 11 Jun 11 15:12:16 +0000","Original Pancake House","-74.42698081311909","40.826028969847435","@"
"Fri, 10 Jun 11 14:46:56 +0000","Thomas Jefferson Elementary School","-74.479119612753","40.78692266580636","@"
"Thu, 09 Jun 11 16:58:49 +0000","Qdoba Mexican Grill","-74.39086736337404","40.789316503302096","@"
"Wed, 08 Jun 11 23:38:35 +0000","Milano Gourmet Pizza","-74.47913106007175","40.794655008320845","@"
"Tue, 07 Jun 11 00:23:58 +0000","Denville Dairy","-74.47706480696193","40.89211636035667","@"
"Sat, 04 Jun 11 18:26:20 +0000","The Teaching Room","-74.47652105210793","40.79284309195359","@"
"Sat, 04 Jun 11 15:52:26 +0000","Sweet Lucy's","-74.4795030975254","40.79501512889984","@"
"Sat, 04 Jun 11 15:35:54 +0000","SmartWorld Coffee","-74.47903948150085","40.79454103229544","@"
"Fri, 03 Jun 11 18:47:02 +0000","TM Ward Coffee","-74.38236901744165","40.740320332819635","@"
"Fri, 03 Jun 11 18:43:08 +0000","Chatham Sandwich Shop","-74.38236901744165","40.740320332819635","@"
"Fri, 03 Jun 11 14:05:48 +0000","Royal Sonesta Harbor Court","-76.6124476120184","39.28230668552898","@"
"Fri, 03 Jun 11 04:49:09 +0000","Pub Dog Pizza &amp; Drafthouse","-76.61354776144047","39.27716480747009","@"
"Fri, 03 Jun 11 02:59:40 +0000","Ryleigh's Oyster","-76.6177508091073","39.27578183783394","@"
"Thu, 02 Jun 11 22:31:55 +0000","Mezze","-76.59394675753961","39.28081467045208","@"
"Thu, 02 Jun 11 19:15:59 +0000","Peace &amp; A Cup of Joe","-76.62650060240493","39.28582279550397","@"
"Thu, 02 Jun 11 18:48:36 +0000","Babe Ruth Birthplace &amp; Museum","-76.62469540729663","39.28547298025359","@"
"Thu, 02 Jun 11 17:10:18 +0000","Matsuri Japanese Restaurant","-76.6141965630661","39.2766426908439","@"
"Wed, 01 Jun 11 22:09:32 +0000","Blue Agave","-76.61269020988512","39.27736866154471","@"
"Wed, 01 Jun 11 11:03:20 +0000","Amtrak Acela Express 2103","-75.0135693543723","40.026579962452395","@"
"Tue, 31 May 11 22:11:49 +0000","Florham Park Roller Rink","-74.38924675313633","40.78736427590149","@"
"Sun, 29 May 11 13:00:00 +0000","Hilton Garden Inn","-72.06166227553585","41.37001890721403","@"
"Sun, 29 May 11 00:52:52 +0000","Latitude 41 Restaurant &amp; Tavern","-71.9636158346522","41.36359369938538","@"
"Sat, 28 May 11 18:07:11 +0000","Olde Mystic Village","-71.95718478391194","41.37344273403127","@"
"Fri, 27 May 11 22:22:29 +0000","Hilton Garden Inn","-72.06147710505722","41.370102973831116","@"
"Fri, 27 May 11 21:24:02 +0000","I-95S Madison Service Plaza","-72.58051968425339","41.29107273285871","@"
"Fri, 27 May 11 19:51:50 +0000","I-95S Fairfield Service Plaza","-73.25592692566403","41.14684588848313","@"
"Thu, 26 May 11 18:39:26 +0000","AT&amp;T Shannon Laboratory","-74.41321653850542","40.7749335872712","@"
"Thu, 26 May 11 13:13:35 +0000","SmartWorld Coffee","-74.47903948150085","40.79419821493097","@"
"Thu, 26 May 11 12:57:38 +0000","SmartWorld Coffee","-74.47903948150085","40.79419821493097","@"
"Wed, 25 May 11 21:47:12 +0000","South Street Creamery","-74.47677862040625","40.79277707975956","@"
"Tue, 24 May 11 23:01:31 +0000","Friendly's","-74.45724815070149","40.789507875746914","@"
"Tue, 24 May 11 22:57:39 +0000","Friendly's","-74.45724815070149","40.789507875746914","@"
"Mon, 23 May 11 13:35:14 +0000","SmartWorld Coffee","-74.47891928455415","40.79433138500541","@"
"Wed, 18 May 11 13:08:01 +0000","SmartWorld Coffee","-74.47886777155183","40.79447881788775","@"
"Mon, 16 May 11 16:20:37 +0000","Zebu Forno","-74.4807851897943","40.796195524304764","@"
"Sun, 15 May 11 20:49:24 +0000","Scojo's","-74.17002132960941","39.65683184769863","@"
"Sat, 14 May 11 16:45:22 +0000","Sweet Lucy's","-74.47896507387686","40.79483017117605","@"
"Sat, 14 May 11 16:35:37 +0000","SmartWorld Coffee","-74.47896507387686","40.79483017117605","@"
"Sat, 14 May 11 16:35:14 +0000","The Famished Frog","-74.47855296954303","40.79505360593338","@"
"Sun, 08 May 11 22:34:57 +0000","The Famished Frog","-74.48245075104994","40.797211283978584","@"
"Fri, 06 May 11 21:26:35 +0000","Wechsler's Currywurst","-73.98573761806597","40.72713428366056","@"
"Fri, 06 May 11 21:25:01 +0000","Starbucks","-74.00598970648","40.714761987800244","@"
"Fri, 06 May 11 19:33:33 +0000","Blaue Gans","-74.00895646619486","40.71644245052769","@"
"Sat, 30 Apr 11 19:18:20 +0000","South Street Creamery","-74.47685302895553","40.79296595709742","@"
"Fri, 29 Apr 11 23:47:50 +0000","La Estacion (Raul's Taco Town)","-74.47406554872595","40.79689464317725","@"
"Mon, 25 Apr 11 23:33:27 +0000","South Street Creamery","-74.47676717293433","40.79270790782489","@"
"Sat, 23 Apr 11 18:00:29 +0000","The Metropolitan Museum of Art","-73.96207400039806","40.780157813899244","@"
"Sat, 23 Apr 11 16:41:39 +0000","Central Park - The Ramble","-73.97276689519215","40.77833110512647","@"
"Sat, 23 Apr 11 14:52:42 +0000","Sweet Lucy's","-74.47935428263843","40.794965717113634","@"
"Sun, 17 Apr 11 20:05:02 +0000","The Teaching Room","-74.47650388087463","40.7924399656689","@"
"Sun, 17 Apr 11 19:38:57 +0000","South Street Creamery","-74.47666414565357","40.79295449269415","@"
"Sun, 17 Apr 11 14:43:01 +0000","Presbyterian Church in Morristown","-74.47977783237035","40.797013150693026","@"
"Sun, 17 Apr 11 00:42:48 +0000","Marjan Persian Grill","-74.48165517564995","40.80067479599712","@"
"Sat, 16 Apr 11 16:00:28 +0000","The Teaching Room","-74.47654967082636","40.792644226316746","@"
"Sat, 16 Apr 11 15:42:17 +0000","Sweet Lucy's","-74.47920546762546","40.79439001032478","@"
"Sat, 16 Apr 11 15:26:44 +0000","SmartWorld Coffee","-74.47920546762546","40.79439001032478","@"
"Fri, 15 Apr 11 21:35:02 +0000","Qdoba Mexican Grill","-74.3911937742567","40.78804850655864","@"
"Fri, 15 Apr 11 21:23:07 +0000","Trader Joe's","-74.39156599646458","40.78861166560792","@"
"Fri, 15 Apr 11 18:47:27 +0000","AT&amp;T Shannon Laboratory","-74.41313637737694","40.77497564743018","@"
"Fri, 15 Apr 11 13:10:30 +0000","Starbucks","-74.39304342464892","40.78910062691651","@"
"Thu, 14 Apr 11 21:25:19 +0000","Morris Twp Municipal Building","-74.46742578758338","40.78293986288878","@"
"Thu, 14 Apr 11 12:28:12 +0000","Chicago O'Hare International Airport (ORD)","-87.90517566282885","41.98138424197432","@"
"Wed, 13 Apr 11 19:25:25 +0000","Starbucks","-93.22947839747594","44.97368582455661","@"
"Wed, 13 Apr 11 15:19:24 +0000","Chicago O'Hare International Airport (ORD)","-87.91081837740927","41.97664895006213","@"
"Mon, 11 Apr 11 23:22:34 +0000","South Street Creamery","-74.47621196965201","40.79264128650252","@"
"Sun, 10 Apr 11 22:55:46 +0000","South Street Creamery","-74.47726513727378","40.79263629256401","@"
"Wed, 06 Apr 11 00:32:10 +0000","Food For Thought","-76.7250534867234","37.29410514923376","@"
"Mon, 04 Apr 11 19:08:38 +0000","Blue Talon Bistro","-76.70709334124315","37.272029578732386","@"
"Sun, 27 Mar 11 18:19:37 +0000","Mediterra Restaurant &amp; Taverna","-74.66192878876332","40.35072843626077","@"
"Sat, 26 Mar 11 15:13:16 +0000","The Teaching Room","-74.4765553945695","40.79273192598986","@"
"Mon, 21 Mar 11 23:58:49 +0000","Nonna's Pizza &amp; Italian Restaurant","-74.39125676576182","40.7889261775042","@"
"Wed, 16 Mar 11 02:14:27 +0000","(mt) Media Temple SXSWi Closing Party","-97.73496272500225","30.268918692647393","@"
"Tue, 15 Mar 11 20:23:11 +0000","Wild About Music","-97.7420124161575","30.267757058459498","@"
"Tue, 15 Mar 11 20:09:27 +0000","Turf N' Surf Poboys","-97.74454814350368","30.26447740791463","@"
"Tue, 15 Mar 11 00:35:02 +0000","Second Bar + Kitchen","-97.74366222002175","30.264389887518906","@"
"Sun, 06 Mar 11 22:37:50 +0000","Perkins Restaurant &amp; Bakery","-74.07143131753213","41.52147628189796","@"
"Sat, 05 Mar 11 21:48:41 +0000","Jackson Gore Base Lodge","-72.71676170907904","43.4227742207885","@"
"Tue, 01 Mar 11 18:55:55 +0000","SmartWorld Coffee","-74.47858731160775","40.79439683586902","@"
"Sat, 26 Feb 11 20:07:21 +0000","Starbucks","-74.39947410322945","40.7491282601476","@"
"Thu, 24 Feb 11 00:07:19 +0000","Mayo Performing Arts Center (MPAC)","-74.47844994330863","40.7945759297469","@"
"Tue, 22 Feb 11 17:14:42 +0000","Whole Foods Market","-74.40562970019549","40.75376057164822","@"
"Sun, 20 Feb 11 19:48:08 +0000","SmartWorld Coffee","-74.47882770587293","40.794753360791965","@"
"Thu, 10 Feb 11 05:09:10 +0000","The Pumphouse","-122.18308716431265","47.61759142994569","@"
"Sat, 29 Jan 11 23:11:12 +0000","The Famished Frog","-74.48175247643178","40.79730851221009","@"
"Sat, 29 Jan 11 14:42:38 +0000","Original Pancake House","-74.42704379195615","40.82605212785608","@"
"Thu, 27 Jan 11 17:35:06 +0000","Cosi","-74.48479739131439","40.79660650807817","@"
"Thu, 27 Jan 11 17:34:13 +0000","The Morristown Green","-74.48292008161076","40.79755094731962","@"
"Mon, 24 Jan 11 17:15:07 +0000","Zebu Forno","-74.48083670223468","40.79615914495912","@"
"Fri, 21 Jan 11 20:27:46 +0000","Grand Central Oyster Bar","-73.97765110637528","40.752564772166345","@"
"Thu, 06 Jan 11 14:01:45 +0000","SmartWorld Coffee","-74.47868461408802","40.79458402457119","@"
"Sun, 26 Dec 10 17:59:25 +0000","Mayo Performing Arts Center (MPAC)","-74.4783984301688","40.79430329139092","@"
"Tue, 21 Dec 10 18:18:12 +0000","Smashburger","-74.39390238890005","40.78790618492705","@"
"Thu, 16 Dec 10 23:10:39 +0000","South Street Creamery","-74.47664125069409","40.79306240253289","@"
"Thu, 16 Dec 10 20:25:10 +0000","South Street Creamery","-74.47692743747332","40.79296652268758","@"
"Wed, 15 Dec 10 00:26:10 +0000","Chef Fredy's Table","-74.48230193865909","40.80033876494402","@"
"Tue, 14 Dec 10 15:58:54 +0000","SmartWorld Coffee","-74.4789765212057","40.794633779979605","@"
"Sat, 11 Dec 10 00:35:29 +0000","The Famished Frog","-74.48242785684415","40.79723228091037","@"
"Fri, 03 Dec 10 01:38:08 +0000","Hennessey's","-74.47261169140963","40.79617824196998","@"
"Wed, 24 Nov 10 16:05:47 +0000","Thomas Jefferson Elementary School","-74.47702474087217","40.78671698823693","@"
"Tue, 23 Nov 10 13:36:46 +0000","Starbucks","-74.39280864036733","40.78887025775742","@"
"Sat, 13 Nov 10 18:28:50 +0000","SmartWorld Coffee","-74.47874185081596","40.79493953019568","@"
"Sat, 13 Nov 10 01:43:32 +0000","Mayo Performing Arts Center (MPAC)","-74.46903995945111","40.790603061628374","@"
"Mon, 08 Nov 10 14:23:12 +0000","SmartWorld Coffee","-74.478942179217","40.794373157275814","@"
"Sat, 06 Nov 10 02:41:13 +0000","Dublin Pub","-74.47852435115065","40.79449924017489","@"
"Thu, 04 Nov 10 23:17:27 +0000","Asahi Sushi","-74.47775737649927","40.7976674353366","@"
"Thu, 04 Nov 10 19:50:18 +0000","Trap Rock Restaurant &amp; Brewery","-74.43501329698483","40.688782433813714","@"
"Sun, 31 Oct 10 14:11:09 +0000","Shanghai Jazz","-74.47891928455415","40.7944858940788","@"
"Sat, 30 Oct 10 22:48:37 +0000","Shanghai Jazz","-74.4165202907135","40.75971690902477","@"
"Fri, 29 Oct 10 16:13:06 +0000","Trader Joe's","-74.3934442751474","40.78922842195387","@"
"Thu, 28 Oct 10 12:33:20 +0000","SmartWorld Coffee","-74.4790337578386","40.79466095591607","@"
"Tue, 26 Oct 10 12:38:31 +0000","Starbucks","-74.39398828509772","40.7886277167032","@"
"Sun, 17 Oct 10 13:26:33 +0000","Greenberry's Coffee","-74.48112860577818","40.79730007771771","@"
"Sat, 16 Oct 10 11:56:17 +0000","SmartWorld Coffee","-74.4787761928438","40.794500036728586","@"
"Thu, 14 Oct 10 17:26:13 +0000","Smashburger","-74.39264829970482","40.788490861956525","@"
"Fri, 08 Oct 10 00:43:44 +0000","Hennessey's","-74.47071707979632","40.7940251853155","@"
"Thu, 07 Oct 10 22:29:29 +0000","Raul's Empanadas Town","-74.47800921929104","40.79733992302123","@"
"Sat, 02 Oct 10 00:13:15 +0000","South Street Creamery","-74.47664125069409","40.79269060784937","@"
"Fri, 01 Oct 10 23:21:48 +0000","Aikou Restaurant","-74.47950882117239","40.795054542030705","@"
"Wed, 29 Sep 10 15:47:20 +0000","Whole Foods Market","-74.40040747719326","40.75110737271411","@"
"Wed, 22 Sep 10 01:35:08 +0000","Maxwell's","-74.0307036457407","40.76425390585891","@"
"Tue, 21 Sep 10 12:39:36 +0000","Starbucks","-74.39307778329837","40.78885916737234","@"
"Mon, 20 Sep 10 22:47:15 +0000","Friendly's","-74.46244007825132","40.78678880448408","@"
"Sat, 18 Sep 10 22:19:05 +0000","Zebu Forno","-74.4807680189775","40.79614971127787","@"
"Sat, 18 Sep 10 22:18:33 +0000","Pamir","-74.4807680189775","40.79614971127787","@"
"Fri, 17 Sep 10 16:28:01 +0000","South Street Creamery","-74.47702474087217","40.792912291570694","@"
"Fri, 17 Sep 10 16:25:35 +0000","Thomas Jefferson Elementary School","-74.47988085782649","40.786872698047304","@"
"Thu, 16 Sep 10 22:18:39 +0000","Thomas Jefferson Elementary School","-74.48064782321285","40.78684765536344","@"
"Thu, 16 Sep 10 21:37:56 +0000","Raul's Empanadas Town","-74.47743684878802","40.79757029146882","@"
"Thu, 02 Sep 10 15:45:37 +0000","AT&amp;T Shannon Laboratory","-74.4028582763525","40.77273137813873","@"
"Thu, 02 Sep 10 14:07:57 +0000","SmartWorld Coffee","-74.4787876401849","40.794409869578","@"
"Sun, 29 Aug 10 04:06:35 +0000","Elliott Bay Book Company","-122.31992796612757","47.61479527417048","@"
"Sun, 29 Aug 10 04:05:35 +0000","Molly Moon's Homemade Ice Cream","-122.31992796612757","47.61479527417048","@"
"Sat, 28 Aug 10 20:17:10 +0000","Seattle Public Library","-122.33335707287321","47.606213301417355","@"
"Thu, 26 Aug 10 20:11:16 +0000","Dahlia Lounge","-122.34010642078617","47.61306008771026","@"
"Sat, 21 Aug 10 23:12:01 +0000","Starbucks","-123.1300990060749","48.07781255296531","@"
"Sat, 21 Aug 10 20:12:09 +0000","Carrie Blake Park","-123.08391900622664","48.08117049997086","@"
"Sun, 08 Aug 10 17:59:10 +0000","The Teaching Room","-74.47669276434873","40.79279908392166","@"
"Sun, 08 Aug 10 17:45:38 +0000","South Street Creamery","-74.4767614491981","40.79263952217026","@"
"Sun, 01 Aug 10 00:53:22 +0000","South Street Creamery","-74.47696177985554","40.792918127269914","@"
"Sat, 31 Jul 10 23:44:53 +0000","Aikou Restaurant","-74.47940007184783","40.79496235011553","@"
"Tue, 27 Jul 10 22:19:14 +0000","Isabella's","-74.34801647076895","40.65111122396149","@"
"Sun, 25 Jul 10 22:16:59 +0000","KDD 2010","-77.0522665890361","38.84840840890252","@"
"Sun, 25 Jul 10 17:42:21 +0000","KDD 2010","-77.05286250413674","38.84899246448749","@"
"Sat, 24 Jul 10 19:56:56 +0000","National Museum of American History","-77.02998512471099","38.89132906312602","@"
"Sat, 24 Jul 10 13:33:07 +0000","KDD 2010","-77.05275006755055","38.84887942398743","@"
"Mon, 19 Jul 10 17:24:20 +0000","AT&amp;T Shannon Laboratory","-74.41175645514299","40.77602630852602","@"
"Thu, 15 Jul 10 23:20:56 +0000","Greenberry's Coffee","-74.48073367733885","40.79827905961304","@"
"Wed, 07 Jul 10 13:23:09 +0000","Disney's Boardwalk Inn","-81.56185733203564","28.366046694072626","@"
"Sat, 03 Jul 10 18:07:10 +0000","Yankee Stadium","-73.92751749669941","40.82961646243895","@"
"Wed, 30 Jun 10 12:28:24 +0000","Greenberry's Coffee","-74.48063637599289","40.79649857883406","@"
"Mon, 21 Jun 10 12:44:18 +0000","Starbucks","-74.39322667070283","40.788754220255676","@"
"Sun, 20 Jun 10 20:39:45 +0000","Dublin Pub","-74.4781465879345","40.794746705627894","@"
"Thu, 17 Jun 10 17:52:33 +0000","Starbucks","-95.36780736715181","29.759218657385482","@"
"Thu, 17 Jun 10 09:07:53 +0000","Terminal C","-74.17761228171172","40.693358495257456","@"
"Thu, 03 Jun 10 12:30:49 +0000","SmartWorld Coffee","-74.47887921888699","40.7945335027742","@"
"Sun, 30 May 10 19:44:31 +0000","Full Moon Cafe","-74.94615642164058","40.364973718293314","@"
"Thu, 27 May 10 12:52:13 +0000","SmartWorld Coffee","-74.4784957327536","40.79470292946028","@"
"Sun, 23 May 10 20:52:04 +0000","Trader Joe's","-74.39356453012134","40.78901814007112","@"
"Sun, 23 May 10 20:45:04 +0000","Starbucks","-74.3934900865756","40.78867475087693","@"
"Thu, 20 May 10 12:45:16 +0000","SmartWorld Coffee","-74.4784556669899","40.79472156746403","@"
"Sun, 16 May 10 22:59:44 +0000","The Famished Frog","-74.48230193865909","40.79708945373322","@"
"Sun, 16 May 10 19:48:45 +0000","South Street Creamery","-74.47615473210055","40.79244028164091","@"
"Sat, 15 May 10 04:01:53 +0000","Dublin Pub","-74.47835264069849","40.7946060185887","@"
"Thu, 13 May 10 12:37:27 +0000","SmartWorld Coffee","-74.478736127144","40.79457661568755","@"
"Sat, 08 May 10 17:48:06 +0000","Sages Pages","-74.39856362943866","40.74975617384755","@"
"Thu, 06 May 10 12:42:10 +0000","SmartWorld Coffee","-74.47850145643339","40.79469888734948","@"
"Sun, 02 May 10 17:41:12 +0000","Sages Pages","-74.39910189752479","40.74967107688901","@"
"Sun, 02 May 10 17:38:47 +0000","Starbucks","-74.39989211794033","40.749480666018506","@"
"Sat, 01 May 10 23:47:47 +0000","Friendly's","-74.47813514055167","40.775418777891446","@"
"Thu, 29 Apr 10 22:07:46 +0000","Pazzo Pazzo","-74.48156932197418","40.80018020966318","@"
"Thu, 29 Apr 10 21:30:32 +0000","Martys Reliable Cycle","-74.48211878477424","40.80360136048219","@"
"Thu, 29 Apr 10 12:50:30 +0000","SmartWorld Coffee","-74.478862047884","40.79453597243657","@"
"Wed, 28 Apr 10 22:23:53 +0000","The Brewer's Art","-76.61599062343888","39.30289503145611","@"
"Wed, 28 Apr 10 13:41:44 +0000","SmartWorld Coffee","-74.47853579850816","40.79468911980874","@"
"Sun, 25 Apr 10 19:16:24 +0000","SmartWorld Coffee","-74.47843849594553","40.7947288654037","@"
"Sun, 25 Apr 10 17:34:06 +0000","Mayo Performing Arts Center (MPAC)","-74.47665269817419","40.79584994521507","@"
"Sat, 24 Apr 10 19:12:04 +0000","Macho Nacho","-74.4752732714561","40.79689160919669","@"
"Sat, 24 Apr 10 18:12:51 +0000","Martys Reliable Cycle","-74.48235917420894","40.80339781884281","@"
"Thu, 22 Apr 10 14:34:14 +0000","New Jersey City University","-74.08475669816649","40.71197460941073","@"
"Wed, 21 Apr 10 17:13:31 +0000","Woodland Elementary","-74.46210807422864","40.78425626461123","@"
"Wed, 21 Apr 10 12:48:33 +0000","SmartWorld Coffee","-74.47919974396862","40.79451959113983","@"
"Tue, 20 Apr 10 22:44:40 +0000","Woodland Elementary","-74.46252594125887","40.78416885681483","@"
"Sat, 17 Apr 10 00:07:19 +0000","Mehndi","-74.48084242583823","40.798366418107605","@"
"Fri, 16 Apr 10 21:09:14 +0000","AT&amp;T Shannon Laboratory","-74.41166484166959","40.77499958184649","@"
"Fri, 16 Apr 10 16:30:02 +0000","TM Ward Coffee","-74.38180779169022","40.74098196527216","@"
"Fri, 16 Apr 10 16:19:12 +0000","The Music Center","-74.38180779169022","40.74098196527216","@"
"Fri, 16 Apr 10 16:04:28 +0000","AT&amp;T Shannon Laboratory","-74.40829228784153","40.77311444280913","@"
"Fri, 16 Apr 10 12:51:54 +0000","Woodland Elementary","-74.463281533922","40.78316207183603","@"
"Tue, 13 Apr 10 16:21:33 +0000","Tito's Burritos","-74.48393314452247","40.79867984286303","@"
"Mon, 12 Apr 10 16:04:00 +0000","Aikou Restaurant","-74.47752842819371","40.79640962704449","@"
"Sun, 11 Apr 10 20:21:31 +0000","Starbucks","-74.39318658564463","40.788251437025956","@"
"Thu, 08 Apr 10 12:40:08 +0000","SmartWorld Coffee","-74.47907382347053","40.794473323664704","@"
"Wed, 07 Apr 10 16:21:42 +0000","AT&amp;T","-84.38903112307155","33.772325232431456","@"
"Wed, 07 Apr 10 11:26:28 +0000","Georgian Terrace Hotel","-84.38504880244626","33.77262834944717","@"
"Fri, 02 Apr 10 14:08:54 +0000","Hersheypark","-76.65831860470406","40.287202092682804","@"
"Thu, 01 Apr 10 23:56:09 +0000","The Chocolate Avenue Grill","-76.6528422565864","40.284115823407234","@"
"Wed, 31 Mar 10 13:24:14 +0000","SmartWorld Coffee","-74.47882198220377","40.7945497822947","@"
"Mon, 29 Mar 10 16:07:07 +0000","Pod","-75.19688940058663","39.95387379354161","@"
"Sat, 27 Mar 10 00:03:19 +0000","South Street Creamery","-74.47731092702732","40.79328477436839","@"
"Fri, 26 Mar 10 22:08:09 +0000","Aikou Restaurant","-74.47974921417736","40.79508273420919","@"
"Wed, 24 Mar 10 23:14:25 +0000","Woodland Elementary","-74.46333877565846","40.78456553975794","@"
"Wed, 24 Mar 10 13:10:44 +0000","SmartWorld Coffee","-74.4786788904142","40.79426456367125","@"
"Tue, 23 Mar 10 13:15:17 +0000","SmartWorld Coffee","-74.4784957327536","40.79470292946028","@"
"Mon, 22 Mar 10 13:02:40 +0000","Jackson Gore Base Lodge","-72.71446418860558","43.41748400820682","@"
"Fri, 19 Mar 10 11:46:29 +0000","Jackson Gore Base Lodge","-72.7192439311436","43.41989076738769","@"
"Thu, 18 Mar 10 16:47:43 +0000","AT&amp;T Shannon Laboratory","-74.41281000669507","40.775616339727435","@"
"Thu, 18 Mar 10 12:48:14 +0000","SmartWorld Coffee","-74.47892500822016","40.79429354391368","@"
"Wed, 17 Mar 10 01:31:51 +0000","The Mohawk","-97.73714280242959","30.267261383746064","@"
"Wed, 17 Mar 10 00:37:53 +0000","BD Riley's Irish Pub","-97.74001784956855","30.26759516719024","@"
"Tue, 16 Mar 10 21:37:12 +0000","SXSW ACC escalator","-97.7495774291675","30.317035762635587","@"
"Tue, 16 Mar 10 20:27:30 +0000","interactive infographics","-97.7495774291675","30.317035762635587","@"
"Tue, 16 Mar 10 19:06:10 +0000","Spotify SXSW Keynote","-97.7495774291675","30.317035762635587","@"
"Tue, 16 Mar 10 17:21:57 +0000","Alamo Drafthouse Cinema  Ritz","-97.7371905421065","30.267560878611","@"
"Tue, 16 Mar 10 04:19:45 +0000","Cedar Street Courtyard","-97.74592744773956","30.266394409323937","@"
"Tue, 16 Mar 10 04:19:16 +0000","Cedar Street Courtyard","-97.74773649921387","30.26760850366549","@"
"Tue, 16 Mar 10 02:51:18 +0000","Les Paul Room - Maggie Mae's SXSW","-97.74016637917693","30.266494675433385","@"
"Tue, 16 Mar 10 02:13:01 +0000","Maggie Mae's","-97.74009741896265","30.26744489922502","@"
"Tue, 16 Mar 10 01:11:14 +0000","The Driskill","-97.7400708958213","30.267424074713976","@"
"Tue, 16 Mar 10 00:01:07 +0000","Chupacabra Cantina","-97.73906302384997","30.267377334254856","@"
"Mon, 15 Mar 10 17:23:19 +0000","Hilton Austin","-97.73864927005819","30.267233857168257","@"
"Mon, 15 Mar 10 17:22:46 +0000","Hilton Austin","-97.73864927005819","30.267233857168257","@"
"Mon, 15 Mar 10 14:54:08 +0000","Annies Caf &amp; Bar","-97.7437577082447","30.262867017035497","@"
"Mon, 15 Mar 10 14:53:36 +0000","Annies Caf &amp; Bar","-97.7437577082447","30.262867017035497","@"
"Mon, 15 Mar 10 04:13:59 +0000","The Driskill","-97.7417896160241","30.2675854960518","@"
"Mon, 15 Mar 10 03:33:01 +0000","Maggie Mae's","-97.73946086632643","30.266889122971232","@"
"Mon, 15 Mar 10 02:39:37 +0000","Antone's","-97.74519004711671","30.268352729906223","@"
"Mon, 15 Mar 10 02:08:23 +0000","DoubleTree Suites by Hilton Hotel Austin","-97.74229887450717","30.27689881837915","@"
"Sun, 14 Mar 10 20:03:17 +0000","Terminal C","-74.15423069669289","40.70268608281993","@"
"Fri, 12 Mar 10 17:00:07 +0000","Chipotle Mexican Grill","-74.36296562010952","40.80347053464134","@"
"Fri, 12 Mar 10 13:38:15 +0000","SmartWorld Coffee","-74.47851862747162","40.794696417770474","@"
"Thu, 11 Mar 10 15:50:11 +0000","AT&amp;T Shannon Laboratory","-74.41175645514299","40.77599733488566","@"
"Thu, 11 Mar 10 14:06:37 +0000","Time For A Bagel","-74.47730520330877","40.84872214916944","@"
"Thu, 11 Mar 10 14:04:12 +0000","Time For A Bagel","-74.47730520330877","40.84872214916944","@"
"Thu, 11 Mar 10 14:03:21 +0000","Foxwood Condominiums","-74.47923408590698","40.84865917596045","@"
"Wed, 10 Mar 10 23:59:11 +0000","Hyatt Morristown at Headquarters Plaza","-74.48153498049211","40.79990029823395","@"
"Sun, 07 Mar 10 19:44:30 +0000","Hidden Valley","-74.47888494255429","41.18428113379624","@"
"Sun, 07 Mar 10 14:13:00 +0000","Presbyterian Church in Morristown","-74.47835836438293","40.79674573933237","@"
"Sat, 06 Mar 10 23:07:32 +0000","Bensi Ristorante Italiano","-74.50756961832285","40.86584702472154","@"
"Sat, 06 Mar 10 17:36:57 +0000","Woodland Elementary","-74.46091170972022","40.78473882130819","@"
"Wed, 03 Mar 10 23:42:34 +0000","Mayo Performing Arts Center (MPAC)","-74.47894790288225","40.79439808557012","@"
"Wed, 03 Mar 10 23:07:44 +0000","Milano Gourmet Pizza","-74.47945730834283","40.79497504063043","@"
"Tue, 02 Mar 10 14:07:10 +0000","SmartWorld Coffee","-74.47847856171315","40.79467160038379","@"
"Mon, 01 Mar 10 15:03:01 +0000","Starbucks","-74.39298043377444","40.786533255536476","@"
"Mon, 01 Mar 10 15:02:34 +0000","Trader Joe's","-74.39292316932377","40.78607635830188","@"
"Sun, 28 Feb 10 15:37:10 +0000","Presbyterian Church in Morristown","-74.47958895221056","40.79698237762227","@"
"Sun, 28 Feb 10 02:58:02 +0000","Meadow Wood Manor","-74.56406671052686","40.862998184133026","@"
"Sat, 27 Feb 10 01:16:06 +0000","Penang","-74.37357246030065","40.80917559204005","@"
"Wed, 24 Feb 10 20:42:39 +0000","Union Station","-77.00692345263306","38.89762055905144","@"
"Wed, 24 Feb 10 14:35:51 +0000","AT&amp;T","-77.04554828599326","38.904352145704785","@"
"Wed, 24 Feb 10 00:52:43 +0000","James Mackey's Public House","-77.0427259250153","38.90368869367858","@"
"Tue, 23 Feb 10 14:05:55 +0000","AT&amp;T","-77.04572257305492","38.90439682051579","@"
"Tue, 23 Feb 10 02:27:03 +0000","Black Cat","-77.03189126980917","38.914442486683605","@"
"Tue, 23 Feb 10 01:25:13 +0000","The Quincy Hotel","-77.0419388006326","38.903840962201215","@"
"Tue, 23 Feb 10 00:36:46 +0000","Sakana","-77.04662211518023","38.909674520605314","@"
"Mon, 22 Feb 10 23:32:53 +0000","James Mackey's Public House","-77.04302952876387","38.90365762080173","@"
"Mon, 22 Feb 10 23:13:53 +0000","The Quincy Hotel","-77.0419388006326","38.903840962201215","@"
"Mon, 22 Feb 10 22:25:44 +0000","LA Fitness","-77.04577317247733","38.90363000027073","@"
"Mon, 22 Feb 10 21:39:19 +0000","The Quincy Hotel","-77.04242232050379","38.90367461911169","@"
"Mon, 22 Feb 10 18:48:12 +0000","Union Station","-77.00495505019457","38.89931978290147","@"
"Mon, 22 Feb 10 18:15:48 +0000","Baltimore Penn Station","-76.61450121660485","39.30512138740997","@"
"Mon, 22 Feb 10 17:29:36 +0000","Amtrak/SEPTA: Wilmington Station","-75.55145764735212","39.737240528227346","@"
"Mon, 22 Feb 10 17:09:16 +0000","30th Street Station","-75.18144464705499","39.95520564323435","@"
"Mon, 22 Feb 10 15:32:28 +0000","NJT - Metropark Station (NEC)","-74.32945144907411","40.568957644006524","@"
"Mon, 22 Feb 10 14:34:29 +0000","Dunkin Donuts","-74.47426015863618","40.79779044189869","@"
"Sun, 21 Feb 10 21:50:40 +0000","Starbucks","-74.23956664167686","41.0267315046333","@"
"Sun, 21 Feb 10 15:30:23 +0000","Campgaw Mountain","-74.19514366979048","41.0607483933711","@"
"Sat, 20 Feb 10 17:19:44 +0000","Sages Pages","-74.39860371328832","40.750225475979015","@"
"Fri, 19 Feb 10 17:06:21 +0000","Five Guys","-74.40467344932159","40.752295298436174","@"
"Thu, 18 Feb 10 22:56:10 +0000","Trader Joe's","-74.39331256722582","40.7886067765996","@"
