Date,Weight,"Fat mass",Comments
"2016-08-19 07:37:24",175.8,38.6,
"2016-08-18 06:48:02",175.7,40.6,
"2016-08-17 06:47:33",177.4,41.2,
"2016-08-16 07:07:17",177.6,40.4,
"2016-08-15 06:36:16",175.7,40.3,
"2016-08-14 07:38:28",177.8,40.9,
"2016-08-13 09:23:15",175.9,41.7,
"2016-08-12 07:23:33",175.4,40.1,
"2016-08-11 07:31:50",175.7,39.7,
"2016-08-10 06:58:41",176.3,40.8,
"2016-08-09 07:33:12",176.6,41.2,
"2016-08-08 06:19:39",176.8,40,
"2016-08-07 08:38:23",176.7,40.9,
"2016-08-06 06:14:00",177.8,41.4,
"2016-08-05 06:21:18",177.2,40.5,
"2016-08-04 07:03:24",176.8,40.8,
"2016-08-03 06:30:49",177.1,39.7,
"2016-08-02 07:19:51",177,39.1,
"2016-07-30 08:09:41",176,41.1,
"2016-07-29 07:17:46",176.9,40,
"2016-07-28 07:06:19",176.7,41,
"2016-07-27 07:36:41",176.1,39.6,
"2016-07-26 06:17:47",176.6,41.2,
"2016-07-25 07:09:30",176.9,40,
"2016-07-24 07:52:18",177.4,41.2,
"2016-07-23 07:02:57",176.8,39.8,
"2016-07-22 07:14:22",178.2,41,
"2016-07-21 08:04:54",177,42,
"2016-07-20 07:12:28",176.6,40.9,
"2016-07-19 07:17:30",177.1,41.6,
"2016-07-18 07:40:48",178.6,39.7,
"2016-07-15 07:31:02",175.9,40.3,
"2016-07-14 07:24:21",176,39.8,
"2016-07-13 06:39:23",176.4,40.1,
"2016-07-12 06:45:34",174.9,39.4,
"2016-07-11 06:41:55",177,40.7,
"2016-07-10 07:25:21",178.7,40,
"2016-07-09 09:18:40",178,39.7,
"2016-07-08 07:17:36",178,41.2,
"2016-07-07 06:54:55",178.4,40.3,
"2016-07-06 06:51:31",177.7,40.9,
"2016-07-05 06:47:06",179,40.6,
"2016-07-04 07:40:55",180.6,41.1,
"2016-07-03 07:13:23",180.1,40.1,
"2016-06-25 08:20:39",179,42.3,
"2016-06-24 07:29:04",179,42.4,
"2016-06-23 07:25:22",178.9,41.7,
"2016-06-22 06:33:04",178.9,41.2,
"2016-06-21 07:01:51",179.2,40.5,
"2016-06-18 09:43:38",178.7,42.2,
"2016-06-17 06:16:56",179.5,43.4,
"2016-06-16 06:42:11",179.2,42,
"2016-06-15 07:04:01",178,42.4,
"2016-06-14 06:29:02",178.1,41,
"2016-06-13 06:14:02",179.3,42.2,
"2016-06-12 08:29:57",178.7,43.7,
"2016-06-11 08:59:08",178.4,42.5,
"2016-06-08 04:50:50",177.8,42,
"2016-06-07 06:32:05",177.2,41.2,
"2016-06-06 06:00:27",179.3,41.7,
"2016-06-05 09:26:00",178.5,40.7,
"2016-06-04 08:09:26",178.2,41.9,
"2016-06-02 04:09:20",178.9,,
"2016-06-01 06:08:34",178.1,39,
"2016-05-31 05:59:26",179.1,41.7,
"2016-05-31 05:58:55",177.7,40.3,
"2016-05-28 07:05:27",178.2,41.2,
"2016-05-27 06:24:49",177.2,40.4,
"2016-05-26 06:20:14",177.9,41.7,
"2016-05-25 05:51:06",179.2,42.7,
"2016-05-24 06:44:38",179.3,41.5,
"2016-05-22 07:52:30",179.7,41.4,
"2016-05-21 07:28:30",178.6,42,
"2016-05-20 07:07:20",178.2,41.8,
"2016-05-18 07:10:32",179.3,40.9,
"2016-05-16 06:36:57",179.7,42.3,
"2016-05-15 07:58:40",179.6,43,
"2016-05-14 08:11:35",180,40.5,
"2016-05-13 06:05:06",178.6,41.2,
"2016-05-12 07:26:35",178.9,41.7,
"2016-05-11 07:08:22",179.5,41.3,
"2016-05-10 07:47:10",178.9,42.2,
"2016-05-09 06:22:34",180.3,42,
"2016-05-07 09:42:19",179.2,44.4,
"2016-05-06 06:24:35",179.1,43.6,
"2016-05-05 06:31:56",179.1,,
"2016-05-04 06:44:11",179.5,43.4,
"2016-05-03 06:16:31",179.1,43.5,
"2016-05-02 06:39:37",180.1,42.3,
"2016-04-30 08:12:15",178.7,42.5,
"2016-04-29 06:06:50",178,42.6,
"2016-04-28 06:46:34",179.1,43.1,
"2016-04-27 06:16:50",180,43.2,
"2016-04-26 06:26:29",179.5,42.6,
"2016-04-25 06:01:22",180.4,42.2,
"2016-04-23 09:22:30",177.8,,
"2016-04-22 06:20:56",178.2,42.5,
"2016-04-21 06:19:31",178.2,42.3,
"2016-04-20 06:27:33",177.7,40.1,
"2016-04-19 06:35:09",179.6,42.1,
"2016-04-18 05:56:10",179.8,41.6,
"2016-04-17 09:38:03",180.2,41.4,
"2016-04-16 07:46:45",178,42.5,
"2016-04-15 06:46:34",179.2,42.1,
"2016-04-14 06:41:06",179.9,41.4,
"2016-04-13 06:28:45",177.2,42.5,
"2016-04-12 06:25:24",178.9,43.1,
"2016-04-12 06:24:20",178.4,42.6,
"2016-04-11 06:23:30",180.4,42.2,
"2016-04-10 08:00:01",180.2,42.5,
"2016-04-09 08:03:24",179.5,43.5,
"2016-04-08 06:48:15",179.8,42.7,
"2016-04-07 06:47:33",180.3,42.2,
"2016-04-06 06:27:39",179.5,43.2,
"2016-04-05 06:52:32",180.8,42.7,
"2016-04-04 05:43:20",181.4,43.2,
"2016-04-01 07:00:35",180.6,40.7,
"2016-03-31 06:09:18",181.5,42.2,
"2016-03-30 06:46:21",180.1,41.5,
"2016-03-29 06:16:30",181.3,41.5,
"2016-03-28 07:59:23",181.4,42.3,
"2016-03-23 07:17:10",178.8,43.3,
"2016-03-22 07:24:36",179.9,43.7,
"2016-03-21 07:29:54",179.7,42.4,
"2016-03-20 08:49:45",179.5,43,
"2016-03-19 10:51:09",179.2,45.1,
"2016-03-18 06:52:53",180.6,42.8,
"2016-03-17 08:52:34",179.6,41.7,
"2016-03-16 06:28:47",179.1,41,
"2016-03-15 06:34:32",179.5,42.2,
"2016-03-14 06:12:06",180.2,43.2,
"2016-03-11 07:15:10",179.2,39.7,
"2016-03-10 06:20:04",178.9,42.1,
"2016-03-09 06:09:17",179.6,41.1,
"2016-03-08 06:24:15",179.2,42.5,
"2016-03-07 06:32:55",179.7,41.3,
"2016-03-06 09:20:45",179.9,,
"2016-03-04 05:57:18",181.3,42.8,
"2016-02-29 04:13:08",179.3,41.8,
"2016-02-28 09:21:40",180.7,41.6,
"2016-02-27 08:41:29",178.2,42.5,
"2016-02-26 07:09:13",177.7,41.3,
"2016-02-25 06:14:27",178.5,41.1,
"2016-02-24 06:22:28",177.7,40.6,
"2016-02-23 07:19:45",177.7,43.6,
"2016-02-19 07:05:34",180.3,43.7,
"2016-02-18 06:27:52",180.9,41.6,
"2016-02-17 06:28:32",181.8,43.3,
"2016-02-16 06:59:40",181,41.2,
"2016-02-12 06:43:03",181.1,43.9,
"2016-02-11 06:21:03",179.1,43.2,
"2016-02-10 06:30:27",181,43.7,
"2016-02-09 06:13:18",181,42.8,
"2016-02-05 06:16:58",179.2,41.6,
"2016-02-04 06:16:32",179.7,42.7,
"2016-02-03 06:14:07",179,42.1,
"2016-02-02 07:33:43",179,41.4,
"2016-02-01 06:33:30",178.9,40.6,
"2016-01-29 06:27:06",179.8,41.5,
"2016-01-28 06:48:13",180.4,41.1,
"2016-01-27 06:38:21",179.5,40.6,
"2016-01-26 07:01:00",178.1,40.9,
"2016-01-24 07:47:27",177.5,,
"2016-01-23 09:18:19",178,,
"2016-01-22 06:24:01",178.8,42.7,
"2016-01-21 06:14:37",179.1,41.9,
"2016-01-20 07:11:29",179.6,42.6,
"2016-01-19 06:36:57",178.6,42.7,
"2016-01-18 07:51:32",178.7,42.3,
"2016-01-16 08:33:22",179.6,44.4,
"2016-01-15 07:08:53",179.5,43.6,
"2016-01-14 06:20:09",182,41.9,
"2016-01-10 10:05:14",179,,
"2016-01-09 08:05:40",178.2,43.5,
"2016-01-08 06:25:32",178.7,43.3,
"2016-01-07 06:45:10",179.5,41.2,
"2016-01-06 06:31:10",180.3,42.8,
"2016-01-05 07:00:26",179.5,42.6,
"2016-01-04 06:43:32",180.6,41.9,
"2016-01-02 10:43:21",179.8,41.2,
"2015-12-26 08:48:29",180,,
"2015-12-23 07:07:10",179.2,41.7,
"2015-12-22 06:12:39",179,,
"2015-12-21 06:16:58",180.7,,
"2015-12-18 07:03:25",181.9,42.3,
"2015-12-17 07:53:36",180.7,40.7,
"2015-12-16 06:13:48",180.2,42.6,
"2015-12-15 06:50:15",181.8,41.2,
"2015-12-14 07:54:58",180.8,42.3,
"2015-12-12 09:00:10",180.3,44.2,
"2015-12-11 06:39:16",181.1,42.4,
"2015-12-10 06:39:27",181,42.1,
"2015-12-09 06:27:31",179.9,43.7,
"2015-12-08 06:48:50",179.7,42.6,
"2015-12-07 05:56:41",180.3,42.7,
"2015-12-05 10:08:27",180,42.5,
"2015-12-04 06:44:11",180.7,42.7,
"2015-12-03 07:54:35",181.4,41.8,
"2015-12-02 06:49:20",180.2,42.3,
"2015-12-01 06:45:50",181.1,41.9,
"2015-11-30 06:31:50",180.6,41,
"2015-11-27 08:48:46",179.5,42.3,
"2015-11-26 09:46:15",177.7,42.9,
"2015-11-25 07:07:00",178.7,43.9,
"2015-11-24 06:45:03",180.3,41.8,
"2015-11-23 06:20:28",181.3,41.8,
"2015-11-22 08:06:57",178.8,40.3,
"2015-11-20 06:41:07",178.9,42.1,
"2015-11-19 06:28:27",178.6,40.3,
"2015-11-18 06:43:55",177.8,41.7,
"2015-11-17 06:38:22",179.5,42.1,
"2015-11-16 06:24:14",180.4,42.1,
"2015-11-15 10:27:09",180.6,42.7,
"2015-11-13 07:03:59",180,43.2,
"2015-11-12 07:31:11",179.2,41.4,
"2015-11-11 06:40:27",178.7,41.4,
"2015-11-10 06:07:35",179.7,41.9,
"2015-11-09 06:08:50",180.4,41,
"2015-11-07 08:32:31",178.5,42,
"2015-11-06 07:27:18",178,41.1,
"2015-11-05 07:40:37",177.8,41.7,
"2015-11-04 06:39:34",179,41.5,
"2015-11-03 06:32:01",179,40.7,
"2015-10-31 08:12:42",177.9,41.7,
"2015-10-30 06:17:38",179.2,41.7,
"2015-10-29 06:22:14",178.4,40.9,
"2015-10-28 06:12:34",177.5,41.1,
"2015-10-27 05:42:12",178.1,41.8,
"2015-10-26 06:03:13",179.5,41.5,
"2015-10-24 10:13:19",179,41,
"2015-10-23 06:11:55",178.4,41.4,
"2015-10-22 06:03:28",179.1,41.6,
"2015-10-21 07:01:33",177.9,40.4,
"2015-10-20 07:15:24",178.1,40.8,
"2015-10-19 06:30:22",178.5,41.6,
"2015-10-18 08:52:29",178.8,40.6,
"2015-10-17 08:24:10",178.5,40.7,
"2015-10-16 06:12:57",178,41.8,
"2015-10-15 07:12:09",177.8,41.2,
"2015-10-14 06:53:15",178.9,40.1,
"2015-10-13 06:35:44",178,39.2,
"2015-10-12 05:49:44",176.8,39.9,
"2015-10-11 08:39:16",176.7,,
"2015-10-10 08:52:51",179.1,42.1,
"2015-10-09 06:40:40",177.4,40.6,
"2015-10-08 06:09:01",177.1,41.5,
"2015-10-07 06:05:02",176.1,39.8,
"2015-10-06 06:08:31",176.7,41.2,
"2015-10-05 06:07:20",177.1,40.2,
"2015-10-04 07:31:27",176.7,39.7,
"2015-10-03 09:00:12",177.9,41.5,
"2015-10-02 06:23:54",177.8,41.6,
"2015-10-01 06:10:28",177.8,39.5,
"2015-09-30 06:11:42",177.7,39.7,
"2015-09-29 06:08:22",176.8,40,
"2015-09-28 05:59:55",177.6,41.2,
"2015-09-27 08:10:06",177.5,40.8,
"2015-09-26 08:28:21",175.9,42,
"2015-09-25 06:01:03",177.9,40.5,
"2015-09-24 07:01:15",176.9,40.2,
"2015-09-23 07:03:24",176.9,40.9,
"2015-09-22 06:04:49",176.6,39,
"2015-09-21 06:02:48",177.2,39.9,
"2015-09-20 07:40:39",177.9,40.6,
"2015-09-19 09:37:30",178.1,41.4,
"2015-09-18 06:03:30",178,40.2,
"2015-09-17 06:01:16",178.1,40.5,
"2015-09-16 06:02:30",176.7,41.7,
"2015-09-15 06:04:04",179.1,40.9,
"2015-09-14 07:37:57",179.7,41,
"2015-09-13 05:29:43",178.6,40.3,
"2015-09-12 08:10:33",177.6,41,
"2015-09-11 06:03:30",177.7,39.5,
"2015-09-10 05:52:52",177.4,40,
"2015-09-09 06:02:28",177.4,40.1,
"2015-09-08 06:05:48",178.1,40.4,
"2015-09-07 08:02:19",179.3,40.2,
"2015-09-06 07:28:02",179.9,40.7,
"2015-09-05 09:14:17",179.2,41.1,
"2015-09-04 05:55:53",179.6,41.2,
"2015-09-03 05:52:23",178.2,41.2,
"2015-09-02 06:52:15",177.9,42.6,
"2015-09-01 06:11:57",177.8,42.2,
"2015-08-31 06:10:26",179.2,41.6,
"2015-08-30 08:21:50",180.1,,
"2015-08-29 07:17:21",180.2,41.6,
"2015-08-28 05:49:36",177.9,,
"2015-08-27 06:54:51",180.7,41.8,
"2015-08-26 06:39:23",179.2,41.5,
"2015-08-25 05:57:33",179.1,42.5,
"2015-08-24 05:52:33",179.2,43.1,
"2015-08-23 11:39:47",180.6,43.3,
"2015-08-04 06:14:42",180.8,42.7,
"2015-08-03 06:07:54",180.9,41.3,
"2015-08-02 10:35:27",179.8,40.9,
"2015-08-01 08:05:14",181.8,41.4,
"2015-07-28 06:36:56",180.3,41.6,
"2015-07-27 08:23:53",179,39.4,
"2015-07-23 08:09:16",179.1,42.2,
"2015-07-22 06:37:59",181.2,,
"2015-07-21 06:59:29",179.1,40.4,
"2015-07-20 06:07:34",180.3,41.6,
"2015-07-17 08:08:23",179.8,42.3,
"2015-07-16 06:14:42",179.8,40.9,
"2015-07-15 06:59:59",179.1,41.3,
"2015-07-12 09:48:04",179.7,37.9,
"2015-07-11 08:29:44",179.6,41.3,
"2015-07-10 08:24:32",178.6,38.8,
"2015-07-09 07:12:54",179.2,40.9,
"2015-07-08 07:37:53",180.1,39.2,
"2015-07-07 07:23:29",178.2,40.5,
"2015-07-06 06:16:16",178.5,40.2,
"2015-07-04 07:58:41",179.5,38.5,
"2015-07-03 08:35:54",179.5,40.3,
"2015-07-02 07:43:57",178.6,38.8,
"2015-07-02 06:45:21",179.7,41.4,
"2015-07-01 07:20:19",178,42.1,
"2015-06-30 06:23:13",178.2,41.5,
"2015-06-29 06:38:50",181.4,42.1,
"2015-06-27 07:58:39",179.7,40.9,
"2015-06-26 07:49:53",179,40.5,
"2015-06-25 06:40:24",180.1,41.3,
"2015-06-24 06:23:31",179.9,42.5,
"2015-06-22 06:37:09",180.6,38.2,
"2015-06-20 07:13:30",179.3,41,
"2015-06-19 06:04:40",179.9,40.1,
"2015-06-18 05:59:18",178.7,42.2,
"2015-06-17 06:25:46",179.2,43.2,
"2015-06-16 05:58:27",179.8,41.3,
"2015-06-15 06:10:17",178.5,40.1,
"2015-06-14 09:09:54",179.3,39.9,
"2015-06-13 07:19:41",177.4,40.6,
"2015-06-12 06:08:53",178.5,39.3,
"2015-06-11 06:09:23",179,40.6,
"2015-06-10 06:01:09",179.7,40.7,
"2015-06-09 06:16:55",179.8,40.7,
"2015-06-08 06:19:40",179,41.5,
"2015-06-07 09:57:46",177.2,41.3,
"2015-06-06 08:10:47",178,41.4,
"2015-06-02 06:00:30",177.1,40.4,
"2015-06-01 06:23:50",177.7,41.7,
"2015-05-29 05:58:52",178.5,42,
"2015-05-28 06:19:52",178.7,40.6,
"2015-05-27 05:57:00",179.2,41,
"2015-05-26 05:54:13",177.2,40.4,
"2015-05-25 08:36:26",178.1,41.2,
"2015-05-23 07:40:46",176.7,40.7,
"2015-05-22 06:46:28",176.4,40.2,
"2015-05-20 06:12:15",178.9,40.5,
"2015-05-19 06:05:54",179,41.3,
"2015-05-17 07:18:48",178.8,40.6,
"2015-05-16 08:57:44",178.2,41.6,
"2015-05-15 06:16:29",178.7,42.5,
"2015-05-14 06:19:37",178.6,41.7,
"2015-05-13 06:22:24",178.4,41.8,
"2015-05-12 07:20:14",178.8,40.3,
"2015-05-11 06:06:58",179,39.5,
"2015-05-10 09:13:52",177.5,40.9,
"2015-05-09 07:35:10",178.6,40.6,
"2015-05-08 06:10:28",179.1,41.2,
"2015-05-07 06:45:37",178.6,40.9,
"2015-05-06 07:13:21",179.1,41.6,
"2015-05-05 06:50:12",179.3,40,
"2015-05-04 06:51:13",178.7,41.3,
"2015-05-01 06:39:22",178.6,40.9,
"2015-04-30 07:02:10",178,40.6,
"2015-04-28 06:55:23",179.6,41,
"2015-04-27 06:23:02",180.4,42.4,
"2015-04-24 06:21:31",179.9,42.5,
"2015-04-23 07:07:03",179.5,42.4,
"2015-04-22 07:21:21",179.1,41,
"2015-04-21 06:33:42",179,41.4,
"2015-04-20 06:32:03",177.6,40.8,
"2015-04-19 08:04:17",179.3,41.8,
"2015-04-18 08:00:06",178.4,41.5,
"2015-04-17 07:01:58",179.1,40.3,
"2015-04-16 05:57:28",178.7,41.1,
"2015-04-15 06:03:15",179.1,,
"2015-04-14 06:31:24",177.6,40.4,
"2015-04-13 06:05:08",178.1,42.7,
"2015-04-12 10:06:18",179.7,42.4,
"2015-04-09 07:27:15",180.1,42.8,
"2015-04-08 06:57:56",181.2,43,
"2015-03-30 06:26:14",179.2,42.2,
"2015-03-25 06:18:10",180.3,42.2,
"2015-03-16 06:18:19",182.3,42.6,
"2015-03-13 06:59:12",179.9,43.3,
"2015-03-12 07:04:31",179.8,41.5,
"2015-03-11 06:17:18",180.9,43.3,
"2015-03-10 05:51:25",180.7,42.4,
"2015-03-09 06:41:11",181.8,42.2,
"2015-03-06 07:02:42",182.4,41.8,
"2015-03-05 07:21:01",180.2,41.1,
"2015-03-04 06:49:13",180.4,40.8,
"2015-03-03 06:41:09",179,42.7,
"2015-03-02 06:25:24",181.2,42.8,
"2015-02-28 08:33:25",179.9,42.8,
"2015-02-27 06:11:29",179.9,42.2,
"2015-02-26 07:18:01",179.9,41.7,
"2015-02-23 07:50:09",179.6,41,
"2015-02-20 06:37:22",181,42.6,
"2015-02-16 08:09:37",180.7,40.5,
"2015-02-13 06:27:44",179.5,42.5,
"2015-02-11 06:24:01",179.7,41.9,
"2015-02-10 06:27:18",179.8,40.5,
"2015-02-09 07:40:11",180.8,39.8,
"2015-02-08 10:52:43",180.4,,
"2015-02-06 06:34:43",180.9,41.5,
"2015-02-05 06:32:37",180,42,
"2015-02-04 06:39:35",180.2,42.4,
"2015-02-03 07:36:46",179.5,41.5,
"2015-01-30 05:55:26",178.1,40.4,
"2015-01-29 05:50:00",178.7,41.2,
"2015-01-29 05:49:42",178.6,41.2,
"2015-01-27 08:11:51",178.6,40.8,
"2015-01-26 06:40:08",179.2,41.6,
"2015-01-23 06:39:54",178.4,41,
"2015-01-22 06:25:01",180,41.2,
"2015-01-21 06:23:19",178.2,41.2,
"2015-01-20 06:13:27",178.9,40.9,
"2015-01-17 08:37:31",178.5,41,
"2015-01-16 06:17:46",180.6,41.6,
"2015-01-15 06:22:06",182.5,42,
"2015-01-14 06:32:54",180.6,42.2,
"2015-01-13 06:06:05",178.6,40.1,
"2015-01-09 06:20:01",179.9,42.7,
"2015-01-08 06:34:30",179.7,42.2,
"2015-01-07 06:40:24",179.1,42.9,
"2015-01-06 05:54:39",177.5,,
"2015-01-05 06:10:04",179.2,41.8,
"2015-01-04 08:38:26",180.4,42.6,
"2015-01-03 08:35:12",180.4,43.5,
"2014-12-25 14:07:28",179.6,41.2,
"2014-12-24 09:19:46",179.5,,
"2014-12-23 08:02:40",179.5,41.2,
"2014-12-20 10:36:20",180.2,42.1,
"2014-12-19 06:16:09",178.8,41.7,
"2014-12-18 06:55:04",178.4,41.6,
"2014-12-17 06:43:57",178.4,40.9,
"2014-12-16 06:26:00",179.1,42.4,
"2014-12-15 06:17:31",179.2,42.4,
"2014-12-14 07:43:29",178.8,,
"2014-12-11 06:09:01",179.3,42,
"2014-12-10 06:20:36",179.2,41.8,
"2014-12-09 06:44:00",179.1,42.4,
"2014-12-08 06:43:57",178.8,40.6,
"2014-12-07 09:04:30",180.7,42.6,
"2014-12-05 06:18:42",181,42.3,
"2014-12-04 06:20:05",178.9,41.2,
"2014-12-03 06:23:36",178.9,42.3,
"2014-12-02 06:20:40",179.5,41.9,
"2014-12-01 06:07:40",179.2,42,
"2014-11-30 09:40:22",180.3,43.6,
"2014-11-25 06:14:30",179.3,40.6,
"2014-11-24 06:14:22",179.8,40.4,
"2014-11-23 08:46:44",178.2,41.1,
"2014-11-21 06:31:36",177.9,42.5,
"2014-11-20 06:18:50",178.6,42.6,
"2014-11-19 06:58:14",178.2,41.1,
"2014-11-18 07:13:15",178.1,41.2,
"2014-11-17 06:17:11",179.6,40.1,
"2014-11-14 07:19:06",178.8,40.5,
"2014-11-13 06:11:07",178.8,41.5,
"2014-11-12 06:23:11",178.1,41.5,
"2014-11-11 05:51:42",178.9,41.9,
"2014-11-10 06:35:54",178.9,40.4,
"2014-11-09 07:54:11",179.8,40.9,
"2014-11-05 06:52:39",181.5,40.9,
"2014-11-04 07:23:07",179.7,41.8,
"2014-11-03 06:34:15",179.8,40.9,
"2014-10-30 06:44:01",177.6,40.2,
"2014-10-29 07:28:05",177.4,41.1,
"2014-10-28 07:42:04",177.4,40.2,
"2014-10-25 08:46:22",177.5,41.2,
"2014-10-23 07:17:23",178,40.1,
"2014-10-16 06:36:27",178.2,38.6,
"2014-10-14 06:36:34",178.5,39,
"2014-10-13 06:40:07",178.4,39.9,
"2014-10-12 08:38:55",178.9,41.4,
"2014-10-09 06:27:10",176.7,39.7,
"2014-10-08 07:04:42",176.5,38.3,
"2014-10-07 06:19:19",175.6,39.3,
"2014-10-03 07:17:50",175,39.4,
"2014-10-01 06:17:13",175.4,40.2,
"2014-09-30 06:47:00",176.8,39.5,
"2014-09-29 06:37:54",176.5,39.9,
"2014-09-26 06:04:40",176.3,39.4,
"2014-09-25 07:03:29",176.3,40,
"2014-09-24 07:07:58",177,38,
"2014-09-22 06:14:23",177.4,38.6,
"2014-09-17 06:16:22",176.4,39.9,
"2014-09-10 06:01:03",175.6,38.7,
"2014-09-09 07:21:18",175.2,37.5,
"2014-09-08 06:28:01",174.6,40.1,
"2014-09-05 06:36:10",175.6,39.1,
"2014-09-04 06:09:00",176.1,40.7,
"2014-09-03 06:13:05",176.3,40.2,
"2014-09-02 06:44:08",176.5,,
"2014-09-02 06:23:36",176.6,40.6,
"2014-09-01 09:38:46",175.7,39.5,
"2014-08-31 13:22:17",173.9,38.8,
"2014-08-27 06:57:33",178.2,39.7,
"2014-08-26 05:49:27",178.9,40.7,
"2014-08-20 06:54:38",177,41.5,
"2014-08-19 06:07:17",178.5,40.3,
"2014-08-18 07:26:31",177.1,39.4,
"2014-08-15 06:13:49",177.2,40.7,
"2014-08-14 06:07:51",177.2,40.5,
"2014-08-13 06:37:48",175.9,37.4,
"2014-08-12 07:29:30",175.8,40.1,
"2014-08-11 06:40:58",177,39.8,
"2014-08-04 06:08:10",176.8,38,
"2014-08-03 08:32:27",176.4,39.2,
"2014-08-01 06:35:03",177,39.1,
"2014-07-31 06:24:11",175.9,39.5,
"2014-07-30 06:50:46",176.4,37.2,
"2014-07-23 06:42:55",175.6,37.7,
"2014-07-22 06:04:55",175.7,38.8,
"2014-07-21 06:34:16",175,38,
"2014-07-20 08:31:29",175.6,38.8,
"2014-07-18 06:09:59",175.7,38.2,
"2014-07-17 06:39:19",173.9,37.7,
"2014-07-16 06:24:51",174.6,38.1,
"2014-07-15 06:16:47",175.5,37.6,
"2014-07-14 05:56:55",176.3,38.1,
"2014-07-13 07:51:37",175.6,37.5,
"2014-07-12 06:57:21",176.8,40,
"2014-07-11 06:28:19",175.8,39.3,
"2014-07-10 06:03:28",177.5,39.5,
"2014-07-09 06:41:28",177.5,39.1,
"2014-07-08 04:01:17",176.6,38.6,
"2014-07-07 06:46:55",177,38.6,
"2014-07-04 08:47:38",176.9,40.5,
"2014-07-03 07:45:49",177.2,38.8,
"2014-07-02 07:10:39",178.2,40.3,
"2014-06-30 06:06:04",176.7,37.2,
"2014-06-27 06:05:05",174.5,38.2,
"2014-06-26 08:44:08",175.7,36.8,
"2014-06-23 06:10:26",175.3,39.3,
"2014-06-22 09:16:19",175.6,41.8,
"2014-06-20 06:12:30",174.8,39.2,
"2014-06-19 05:55:19",174.2,39.6,
"2014-06-18 06:23:31",174.2,38.4,
"2014-06-17 05:55:03",174.9,38.5,
"2014-06-16 05:45:04",176.8,37.9,
"2014-06-14 08:02:39",175.9,38.6,
"2014-06-12 04:38:03",175.4,39.3,
"2014-06-11 05:52:55",176.4,39.8,
"2014-06-10 06:40:19",176.3,40.1,
"2014-06-09 07:08:59",177.5,38.5,
"2014-06-02 06:08:50",176.3,39.8,
"2014-05-30 07:02:31",177.1,39.5,
"2014-05-29 06:38:35",174.5,38.3,
"2014-05-28 06:03:39",175.5,37,
"2014-05-27 06:41:19",175.5,37.7,
"2014-05-23 07:00:54",175.9,38.5,
"2014-05-21 06:09:09",175.5,38.6,
"2014-05-20 06:42:01",174.6,37.9,
"2014-05-19 06:46:48",175.5,38.1,
"2014-05-18 08:00:34",175.9,38.8,
"2014-05-15 06:40:21",176.1,39,
"2014-05-09 06:30:31",175.6,39.1,
"2014-05-08 06:16:04",174.7,38.2,
"2014-05-07 05:55:48",175.5,38.8,
"2014-05-06 06:12:32",174.8,40,
"2014-05-05 05:56:20",176.1,38.8,
"2014-05-02 06:01:38",176.5,39.1,
"2014-04-30 06:05:20",176.7,40.7,
"2014-04-29 06:25:20",175.3,39.1,
"2014-04-28 05:56:02",175.9,38.8,
"2014-04-24 05:59:49",175.9,40,
"2014-04-23 05:51:41",174.4,39.2,
"2014-04-22 06:14:19",174.7,39.9,
"2014-04-20 06:16:23",176,38.5,
"2014-04-04 06:52:09",175.2,38.8,
"2014-04-03 06:14:54",175.5,40,
"2014-04-02 06:06:38",175.5,38.4,
"2014-04-01 06:11:03",176.7,39,
"2014-03-31 06:15:08",176.6,37.4,
"2014-03-30 07:56:13",175.6,39.4,
"2014-03-29 08:35:56",175.5,39.5,
"2014-03-28 06:14:08",176.8,40.3,
"2014-03-27 06:19:49",177.9,40.2,
"2014-03-27 06:18:26",178.5,40.4,
"2014-03-26 06:17:31",176.6,39.6,
"2014-03-25 06:16:00",176.5,40.8,
"2014-03-24 05:56:33",176.7,38.5,
"2014-03-21 06:12:34",175.3,39.9,
"2014-03-20 06:17:51",176.3,39.2,
"2014-03-18 06:12:45",177,39,
"2014-03-17 06:07:49",176.4,38.6,
"2014-03-13 06:18:30",174.8,38.6,
"2014-03-12 06:17:08",174.8,38.5,
"2014-03-11 06:12:30",175.7,38.2,
"2014-03-10 06:11:06",176.9,39.7,
"2014-03-09 08:19:46",175.8,38.8,
"2014-03-07 06:12:10",176.5,39,
"2014-03-06 06:19:14",175.6,38.9,
"2014-03-05 06:09:05",175.4,39.2,
"2014-01-31 06:13:43",173.1,39.6,
"2014-01-30 06:56:27",173.3,38.6,
"2014-01-29 06:11:50",173,38.8,
"2014-01-28 06:18:45",172.8,38.7,
"2014-01-27 06:17:08",172.7,38.9,
"2014-01-24 06:14:00",174.5,39.9,
"2014-01-23 06:07:34",174.1,40.2,
"2014-01-22 07:44:05",174.7,39.9,
"2014-01-21 06:09:52",174.5,39.7,
"2014-01-20 05:59:31",175.6,39.6,
"2014-01-19 08:24:18",175.6,39,
"2014-01-18 08:42:03",176.1,39.2,
"2014-01-17 06:04:04",175.2,38.7,
"2014-01-16 06:45:04",174.1,38.9,
"2014-01-15 06:10:38",174.7,38.5,
"2014-01-14 06:08:26",176,39.3,
"2014-01-13 06:09:09",174.5,38.5,
"2014-01-10 06:00:38",174.4,38.5,
"2014-01-09 06:10:05",173.2,38.2,
"2014-01-08 05:59:50",172.5,37.6,
"2014-01-07 06:03:52",172.4,37.5,
"2014-01-06 05:35:10",174.5,37.7,
"2014-01-05 07:50:30",174.6,37.6,
"2014-01-03 09:47:13",175,38.5,
"2013-12-31 11:09:06",173.2,37.5,
"2013-12-30 11:38:32",173.1,37.3,
"2013-12-30 11:31:48",173.8,37.6,
"2013-12-13 06:01:23",170.4,38.5,
"2013-12-12 06:21:50",169.9,37.6,
"2013-12-10 06:47:37",170.5,36.9,
"2013-12-09 06:50:33",170.4,35.7,
"2013-12-06 08:48:55",169.8,38.6,
"2013-12-04 05:51:42",174.3,38.1,
"2013-12-02 06:36:14",174.1,38.7,
"2013-11-20 06:44:12",172.8,38.2,
"2013-11-13 06:21:32",173.8,39.6,
"2013-11-12 06:17:51",172.8,37.9,
"2013-11-11 06:12:18",174.3,37.4,
"2013-11-07 07:20:12",172.6,38.5,
"2013-11-04 06:11:21",172.3,36.6,
"2013-10-29 06:27:05",172.1,37.7,
"2013-10-28 06:20:20",172.6,37.7,
"2013-10-24 06:04:53",173,36.8,
"2013-10-21 05:57:50",173.1,37.3,
"2013-10-17 06:07:06",171.7,37.4,
"2013-10-16 05:53:11",171.7,36.5,
"2013-10-14 06:04:02",172,36.6,
"2013-10-09 06:31:17",171,38.1,
"2013-10-08 06:13:05",171.5,37.6,
"2013-10-07 06:13:29",172,35.4,
"2013-10-03 06:26:10",171.4,37,
"2013-10-02 06:10:03",171.7,36.9,
"2013-10-01 06:09:04",172.1,36,
"2013-09-30 06:22:52",171.3,35.3,
"2013-09-29 06:05:13",171.4,37.5,
"2013-09-28 09:40:07",170.2,37.5,
"2013-09-27 05:46:24",170.7,36.5,
"2013-09-26 06:04:47",170.3,36,
"2013-09-25 06:38:23",171.5,36,
"2013-09-23 06:28:43",171.5,36.1,
"2013-09-22 08:13:26",169.3,36.5,
"2013-09-19 14:46:07",167.8,36.5,
"2013-09-11 06:32:24",169.9,35.8,
"2013-09-10 06:01:59",171.3,35.4,
"2013-09-09 05:58:37",171.3,35,
"2013-09-07 07:20:50",171.7,37.3,
"2013-09-06 06:20:56",170.9,37.6,
"2013-09-05 06:59:45",170.2,36.6,
"2013-09-04 07:06:11",171.7,37.6,
"2013-09-03 06:52:46",172.5,36.4,
"2013-08-30 07:08:03",170.3,36.6,
"2013-08-29 07:24:04",171.4,34.8,
"2013-08-26 06:48:21",171.5,34.4,
"2013-08-25 09:05:55",170.6,36.1,
"2013-08-24 07:09:46",172.1,36.5,
"2013-08-23 06:09:56",170.4,35.6,
"2013-08-22 06:28:59",169,36.9,
"2013-08-21 06:53:10",170,36.6,
"2013-08-20 07:15:40",171.7,35.6,
"2013-08-19 06:42:23",172.1,36.4,
"2013-08-18 09:26:46",171.6,36.2,
"2013-08-15 06:21:01",172.7,36.6,
"2013-07-29 07:16:14",171,34.3,
"2013-07-28 07:07:45",170.5,35.4,
"2013-07-27 09:31:06",170,35.9,
"2013-07-26 07:34:55",170.4,34.7,
"2013-07-24 07:25:33",168.7,33.9,
"2013-07-23 06:16:32",170.4,34.8,
"2013-07-22 07:11:00",169.5,34.7,
"2013-07-21 06:52:10",170.5,34.9,
"2013-07-19 06:34:02",170.1,35.5,
"2013-07-18 06:43:46",169,35.1,
"2013-07-17 06:09:07",170.1,35.7,
"2013-07-16 06:34:54",169.1,36.2,
"2013-07-16 06:34:38",169.2,36.4,
"2013-07-15 06:13:57",172,35.8,
"2013-07-14 10:58:03",171.3,35.2,
"2013-07-12 06:09:43",170.3,36.3,
"2013-07-11 06:42:51",170.5,36.3,
"2013-07-10 06:23:52",171.1,35.6,
"2013-07-09 06:05:15",171.6,35.4,
"2013-07-08 06:27:53",172,35.7,
"2013-07-05 07:22:53",172.6,37.4,
"2013-07-03 06:41:09",172,36.2,
"2013-07-02 06:12:44",173,35.4,
"2013-06-29 06:55:58",171,36.3,
"2013-06-28 06:53:16",170.2,35.4,
"2013-06-25 06:20:24",169.9,35.7,
"2013-06-24 06:33:14",170.5,33.9,
"2013-06-23 08:58:18",171,34.8,
"2013-06-22 09:00:26",168.8,35.1,
"2013-06-21 07:22:40",169.2,35.5,
"2013-06-20 06:39:55",170.4,36.3,
"2013-06-18 07:05:58",170.9,35.4,
"2013-06-17 07:09:28",170.3,34.8,
"2013-06-16 13:42:44",168.7,32,
"2013-06-13 07:09:54",169.9,36.1,
"2013-06-12 06:28:14",170.6,35.9,
"2013-06-11 07:37:40",170.4,35.5,
"2013-06-10 07:02:07",171.4,35.7,
"2013-06-09 07:10:01",170.5,35.4,
"2013-06-08 08:17:04",170.5,35.8,
"2013-06-07 06:57:00",170.6,34.9,
"2013-06-06 07:12:23",171.2,35.5,
"2013-06-06 07:11:12",171.6,35.7,
"2013-06-05 07:07:25",171.4,35.1,
"2013-06-03 06:48:26",171.4,34.3,
"2013-06-02 07:43:26",171.5,34,
"2013-06-01 07:28:15",171.6,,
"2013-05-31 06:22:38",171.4,34.9,
"2013-05-29 07:40:33",172.6,35,
"2013-05-29 07:39:26",168.2,32,
"2013-05-23 07:27:39",171.2,36.1,
"2013-05-22 07:17:50",171.1,34,
"2013-05-21 07:03:39",170.2,35.9,
"2013-05-20 07:40:05",170.5,35.4,
"2013-05-17 06:56:05",170.2,36.6,
"2013-05-15 06:57:56",170,35.7,
"2013-05-13 05:53:38",170.7,36,
"2013-05-12 08:13:59",171.4,41.8,
"2013-05-12 07:45:23",169.8,35.6,
"2013-05-08 06:55:58",170.6,36.4,
"2013-05-07 06:54:06",170.9,36,
"2013-05-06 07:07:41",172.6,36.2,
"2013-05-04 07:25:00",172.6,37.6,
"2013-05-02 07:34:23",172.5,37.1,
"2013-05-01 06:55:21",172.5,37,
"2013-04-30 07:12:10",170.6,35.7,
"2013-04-29 06:56:27",171.2,35.9,
"2013-04-28 08:04:33",171.2,37.2,
"2013-04-26 07:00:51",171.8,36.7,
"2013-04-25 07:05:19",171.4,36.9,
"2013-04-18 07:03:08",172,37.1,
"2013-04-17 06:55:11",172.3,37.2,
"2013-04-16 07:22:42",172.1,37.9,
"2013-04-15 07:14:11",172.1,38.3,
"2013-04-13 07:07:11",173.5,37.7,
"2013-04-12 07:43:02",172.2,37.1,
"2013-04-11 06:43:57",172,37.4,
"2013-04-10 06:46:16",172.7,35.5,
"2013-04-09 06:43:51",173,36.5,
"2013-04-08 07:47:08",171,35,
"2013-04-05 07:40:14",173.3,38.1,
"2013-04-04 07:43:47",172.6,37.1,
"2013-04-03 07:01:29",172.8,38.2,
"2013-04-02 07:32:38",172.2,37,
"2013-04-01 07:35:33",173,37.4,
"2013-03-29 08:03:37",172.5,36.4,
"2013-03-28 06:35:10",172.1,36.2,
"2013-03-26 07:41:53",171.7,36.4,
"2013-03-25 07:17:48",172.7,37.2,
"2013-03-22 07:16:11",170.9,35.7,
"2013-03-21 07:10:28",170.4,36,
"2013-03-20 06:48:51",171.7,36.5,
"2013-03-19 08:09:27",171.5,37.3,
"2013-03-18 06:37:59",171.3,36.9,
"2013-03-17 09:12:22",172,37.1,
"2013-03-15 07:38:48",170.2,36.4,
"2013-03-14 06:27:43",171.2,35.3,
"2013-03-13 06:50:20",169.9,35.7,
"2013-03-12 07:13:59",172.2,36.1,
"2013-03-11 06:26:14",172.4,37.1,
"2013-03-10 08:55:39",172.4,36.7,
"2013-03-09 08:34:28",172,37.1,
"2013-03-08 06:55:34",173.1,37.5,
"2013-03-07 07:20:51",173.3,35.9,
"2013-03-06 06:29:03",174.3,37.2,
"2013-03-05 07:33:55",173.8,36,
"2013-03-04 07:15:49",174.7,36.9,
"2013-02-28 06:56:40",174.5,36.6,
"2013-02-27 06:35:14",174.5,37.4,
"2013-02-26 07:14:09",174.8,38.2,
"2013-02-25 06:47:18",174.9,38.1,
"2013-02-24 09:45:22",175.4,38.7,
"2013-02-23 09:06:33",173.5,38.2,
"2013-02-22 06:50:09",174.2,38.9,
"2013-02-21 07:07:04",175.7,38,
"2013-02-18 07:18:40",172.1,37.3,
"2013-02-17 08:35:12",172.2,35.2,
"2013-02-16 07:25:52",172.8,36.1,
"2013-02-15 06:37:56",171.8,38.7,
"2013-02-14 07:16:07",172,37.8,
"2013-02-13 07:09:39",171.7,37.5,
"2013-02-12 06:56:19",172,36.8,
"2013-02-11 06:32:29",173.6,36.2,
"2013-02-07 07:28:47",172.1,36.9,
"2013-02-06 07:21:44",173.7,37.3,
"2013-02-05 06:32:12",173.4,37.7,
"2013-01-31 06:47:07",172.1,25.6,
"2013-01-30 07:01:48",172.3,37.5,
"2013-01-29 06:36:08",172.5,37.1,
"2013-01-28 06:37:26",173.3,37.1,
"2013-01-26 08:36:28",172.7,41.4,
"2013-01-25 07:13:15",172.4,38.4,
"2013-01-24 07:26:32",173.1,38.1,
"2013-01-21 06:34:27",173.2,37.9,
"2013-01-20 08:34:34",173,37.9,
"2013-01-18 07:42:04",172.8,38.2,
"2013-01-15 07:11:35",172.7,38.2,
"2013-01-14 06:57:30",172.7,38.5,
"2013-01-10 06:58:41",171.5,37.9,
"2013-01-09 07:17:38",171.5,37.6,
"2013-01-08 07:04:00",171,38.2,
"2013-01-07 06:29:55",171.7,36.8,
"2012-12-21 07:27:51",170.9,36,
"2012-12-20 07:39:43",171.3,36.6,
"2012-12-18 06:53:09",171.7,36.4,
"2012-12-17 07:09:27",172.8,37.2,
"2012-12-16 08:42:37",171.4,35.7,
"2012-12-10 07:21:51",169.9,35.9,
"2012-12-06 07:26:44",170.3,36.4,
"2012-12-05 06:50:46",171.4,36.7,
"2012-12-03 07:28:09",170.4,35.8,
"2012-11-30 07:31:53",170.4,35.5,
"2012-11-29 07:10:31",168.4,35.1,
"2012-11-28 07:03:40",169.3,36.6,
"2012-11-27 06:31:17",169.9,35.8,
"2012-11-26 07:19:48",169.5,34.9,
"2012-11-24 08:25:04",169.3,34.2,
"2012-11-21 07:08:30",170,34.9,
"2012-11-19 06:41:48",167.2,33.9,
"2012-11-15 07:50:02",167.8,32.9,
"2012-11-14 06:51:48",167.9,34.6,
"2012-11-13 07:25:53",168,33.4,
"2012-11-12 06:57:55",167.3,34.9,
"2012-10-26 06:53:29",168.5,34.2,
"2012-10-25 06:20:42",168.5,33.6,
"2012-10-24 06:30:53",167.8,33.2,
"2012-10-23 06:38:16",167.7,34.7,
"2012-10-22 06:19:04",168.8,34.8,
"2012-10-21 07:34:50",168.9,36.2,
"2012-10-20 10:01:44",167.7,35,
"2012-10-19 06:55:18",168.9,35.1,
"2012-10-17 07:01:07",167.8,34.7,
"2012-10-16 06:58:53",167.5,34.1,
"2012-10-15 06:42:35",168.9,34.5,
"2012-10-12 06:16:38",167.4,34.7,
"2012-10-11 07:23:04",167.4,33.4,
"2012-10-10 07:16:58",167.9,34.2,
"2012-10-09 06:46:47",166.3,33.8,
"2012-10-08 06:48:28",167.9,34.7,
"2012-10-07 09:15:21",167.7,34.4,
"2012-10-05 07:03:29",167.2,34.1,
"2012-10-04 06:47:17",167,33.9,
"2012-10-03 06:34:29",167.9,34.4,
"2012-10-02 06:40:09",167.3,33,
"2012-10-01 06:35:14",167.5,34.2,
"2012-09-30 08:42:56",168,34.7,
"2012-09-29 07:33:29",167.3,34.8,
"2012-09-28 07:17:07",167.2,35,
"2012-09-27 06:55:49",167.7,34.7,
"2012-09-26 06:34:20",169.4,35.3,
"2012-09-25 07:08:05",167.4,33.7,
"2012-09-24 07:22:15",168.7,34.6,
"2012-09-23 08:42:05",167.2,33.1,
"2012-09-22 07:18:34",166.7,34.3,
"2012-09-21 06:37:57",166,34,
"2012-09-20 07:00:53",165.9,33.6,
"2012-09-19 06:55:01",167.4,32.7,
"2012-09-18 07:31:06",167.7,33,
"2012-09-17 06:45:23",167.5,34,
"2012-09-16 08:57:50",168.1,34.7,
"2012-09-15 07:37:35",168.1,34.3,
"2012-09-14 07:19:25",167.2,33.6,
"2012-09-13 06:37:33",167.1,34,
"2012-09-12 06:15:33",167.5,34,
"2012-09-11 06:58:58",167,34.3,
"2012-09-10 06:26:01",167.7,32.6,
"2012-09-09 05:48:34",167.9,34,
"2012-09-08 08:02:26",167.1,34.2,
"2012-09-07 07:06:33",166.3,33.9,
"2012-09-06 06:48:05",167.7,34.4,
"2012-09-05 06:39:05",168.2,34.7,
"2012-09-04 07:06:51",168.3,33.6,
"2012-09-04 07:06:34",168.2,,
"2012-09-03 08:32:34",167.7,33.6,
"2012-09-02 07:18:28",167.4,32.9,
"2012-09-01 06:56:54",168.1,33.2,
"2012-08-31 06:33:16",169.2,34.7,
"2012-08-30 07:37:28",168.7,35.4,
"2012-08-29 23:37:04",167.8,,
"2012-08-29 07:25:07",167.8,,
"2012-08-28 06:24:39",168.8,34.5,
"2012-08-26 08:53:56",167.5,32.8,
"2012-08-25 06:50:27",167.8,33.2,
"2012-08-24 06:51:41",166.7,33.2,
"2012-08-23 07:23:13",167.4,34.3,
"2012-08-22 06:51:46",168.3,34.3,
"2012-08-21 06:14:42",168.2,34.1,
"2012-08-20 07:03:53",169,33.8,
"2012-08-19 06:41:18",170,34.7,
"2012-08-18 09:21:11",169.3,35.7,
"2012-08-17 07:19:40",168.4,33,
"2012-08-17 06:32:25",169.1,35.7,
"2012-08-16 07:15:33",167.8,34.5,
"2012-08-15 07:26:44",166.1,34.2,
"2012-08-14 07:10:59",168.2,34.1,
"2012-08-13 06:51:09",167.8,33.2,
"2012-08-12 06:59:29",167.9,33.9,
"2012-08-11 10:20:07",169.4,33.3,
"2012-08-10 07:36:29",168.7,32.2,
"2012-08-09 06:36:14",167.1,34.8,
"2012-08-09 06:35:42",167,34.7,
"2012-08-08 07:27:39",168.3,34.6,
"2012-08-07 07:40:25",168.2,35.5,
"2012-08-06 07:39:19",169.4,33.9,
"2012-08-05 07:27:26",170.4,35.7,
"2012-08-03 07:36:30",169.8,33.6,
"2012-08-02 23:57:17",171.1,,
"2012-07-14 04:59:49",168.2,34.1,
"2012-07-13 06:52:54",168.3,33.8,
"2012-07-11 07:13:07",169.1,34,
"2012-07-10 07:01:57",168.5,33.9,
"2012-07-09 06:31:55",168.5,34,
"2012-07-08 08:16:17",167.7,34.3,
"2012-07-07 07:05:25",168.3,34.1,
"2012-07-06 07:06:21",169.2,35.1,
"2012-07-05 07:14:01",170.2,33.5,
"2012-07-04 09:26:11",168.4,33.6,
"2012-07-03 06:36:35",169.1,35.2,
"2012-07-02 07:26:24",168.8,33.4,
"2012-07-01 06:42:12",168.7,33.8,
"2012-06-30 07:27:02",169.4,34.5,
"2012-06-29 07:28:13",169.2,31.9,
"2012-06-29 06:40:56",170.1,34.1,
"2012-06-28 07:24:34",169.2,34.3,
"2012-06-27 07:25:47",168,33.4,
"2012-06-26 06:31:21",168.8,33.6,
"2012-06-25 06:34:46",170.6,34,
"2012-06-24 08:38:35",169.1,34.4,
"2012-06-23 07:25:47",169.4,34,
"2012-06-23 00:03:42",171.6,33.5,
"2012-06-22 06:50:36",170,33.8,
"2012-06-21 06:45:15",170.3,34.9,
"2012-06-20 06:46:08",169.3,34,
"2012-06-19 06:26:06",169.9,34.3,
"2012-06-18 06:41:11",172.6,34.4,
"2012-06-17 09:19:49",172.1,36.2,
"2012-06-16 07:25:07",169.8,34.9,
"2012-06-15 06:31:36",170.2,34.8,
"2012-06-14 07:20:42",171.2,35.8,
"2012-06-11 06:56:16",171.2,35.5,
"2012-06-10 07:58:28",171,35.5,
"2012-06-09 06:56:02",170.9,34.8,
"2012-06-08 06:19:44",169.2,35.6,
"2012-06-07 06:58:35",168.9,34.9,
"2012-06-06 07:06:25",168.2,34.9,
"2012-06-05 06:30:03",169,34.9,
"2012-06-04 07:14:30",170,35.4,
"2012-06-03 08:12:46",170,35.4,
"2012-06-02 08:34:49",170.3,35.1,
"2012-06-01 06:58:52",169.8,35.9,
"2012-05-31 07:09:45",170,35.8,
"2012-05-30 07:00:02",170.5,35.6,
"2012-05-29 06:48:55",171.3,35.8,
"2012-05-25 07:00:36",170.1,36.2,
"2012-05-24 06:55:08",169.9,34.4,
"2012-05-23 07:22:25",170.4,34.5,
"2012-05-22 07:07:06",169.8,35.2,
"2012-05-21 06:50:51",170.4,35,
"2012-05-20 07:30:35",169.9,35.5,
"2012-05-18 07:02:24",169.2,36.3,
"2012-05-17 07:04:22",170.5,36,
"2012-05-16 07:15:51",170.2,35.4,
"2012-05-15 06:53:23",170.1,35.5,
"2012-05-14 06:51:54",169.5,35.6,
"2012-05-12 08:07:36",169.3,35.8,
"2012-05-11 06:52:17",170.4,36.1,
"2012-05-10 07:12:11",168.4,34.4,
"2012-05-09 06:51:18",169.6,35.8,
"2012-05-08 07:18:33",170,35.9,
"2012-05-07 07:10:57",170.4,34.7,
"2012-05-04 06:48:48",169.1,35.1,
"2012-05-03 07:07:29",168.8,35.2,
"2012-05-02 06:48:28",169.3,34.7,
"2012-05-01 07:39:46",169.8,35.5,
"2012-04-30 07:00:37",170.1,34.9,
"2012-04-27 06:53:30",168.4,35.1,
"2012-04-26 07:15:30",169.2,35.4,
"2012-04-25 07:04:03",170.2,35.8,
"2012-04-24 07:36:05",169.4,35.8,
"2012-04-23 06:53:23",171,35.6,
"2012-04-22 09:11:29",170.2,35.4,
"2012-04-21 08:23:50",169.3,34.9,
"2012-04-20 06:54:02",170.6,36.2,
"2012-04-19 07:14:07",170.3,36.3,
"2012-04-18 06:54:23",169.6,35.8,
"2012-04-17 06:56:12",172,36,
"2012-04-13 07:07:50",170.6,35.4,
"2012-04-12 06:41:01",170.3,37,
"2012-04-11 06:59:39",171.1,36.4,
"2012-04-10 06:40:58",171.2,35.5,
"2012-04-09 07:23:24",172,36.1,
"2012-04-05 09:25:11",171,36.2,
"2012-04-04 08:51:51",170.4,36.1,
"2012-04-03 07:09:18",170.5,35.6,
"2012-04-02 06:50:30",171.7,35.3,
"2012-04-01 08:24:45",171.4,35.1,
"2012-03-30 07:09:22",170,35.8,
"2012-03-29 06:39:12",169.6,34,
"2012-03-28 07:17:27",169.1,35.9,
"2012-03-27 07:18:26",170,35.8,
"2012-03-26 07:03:13",170.9,36.6,
"2012-03-24 07:58:57",171.5,35.7,
"2012-03-23 07:12:59",171.2,36,
"2012-03-22 07:21:48",171,35.8,
"2012-03-21 07:16:06",170.9,36.1,
"2012-03-20 07:02:24",172.3,35.2,
"2012-03-19 07:00:38",171.5,35.6,
"2012-03-15 07:03:10",170.2,35.8,
"2012-03-14 07:34:26",170.2,34,
"2012-03-10 05:32:31",170.6,35.4,
"2012-03-09 06:54:40",171.1,34.6,
"2012-03-08 06:49:03",170,34.3,
"2012-03-07 07:36:57",169.1,35.9,
"2012-03-06 07:13:14",169.5,35.8,
"2012-03-05 06:27:58",171.1,35.5,
"2012-03-03 09:21:03",169.8,35.5,
"2012-03-02 06:42:54",169.6,36,
"2012-03-01 06:59:17",169.8,36.4,
"2012-02-29 04:51:23",171.4,36.2,
"2012-02-28 06:52:28",169.9,36.2,
"2012-02-27 07:05:57",171,35.8,
"2012-02-26 08:01:39",171.3,35.2,
"2012-02-23 07:08:37",170,35.6,
"2012-02-23 07:08:10",169.9,35.6,
"2012-02-22 06:04:53",170.1,34.7,
"2012-02-21 06:42:16",170.1,35.9,
"2012-02-20 07:05:49",171.1,36.1,
"2012-02-19 08:28:05",171.4,35.8,
"2012-02-18 16:50:20",171.1,34.9,
"2012-02-18 06:49:31",169.2,35.1,
"2012-02-17 06:53:29",169.9,35.3,
"2012-02-16 06:52:22",169.5,35,
"2012-02-15 07:09:05",169,35.3,
"2012-02-14 07:23:26",169.4,35.8,
"2012-02-14 07:21:51",170.1,35.9,
"2012-02-13 06:30:44",170,35.8,
"2012-02-12 08:02:00",170.5,36.5,
"2012-02-11 09:01:37",169.5,35,
"2012-02-10 06:13:44",169.8,33.9,
"2012-02-09 07:04:27",169.5,36,
"2012-02-08 06:00:53",170.9,34.5,
"2012-02-07 06:54:34",170.2,35.3,
"2012-02-06 07:12:53",171.1,37.4,
"2012-02-05 08:02:31",170.2,36,
"2012-02-04 08:02:20",170.1,36.3,
"2012-02-03 06:21:01",170.2,35,
"2012-02-02 06:37:59",169.8,34.8,
"2012-02-01 06:36:12",169.4,36.4,
"2012-01-31 07:05:06",169.6,35.5,
"2012-01-30 07:22:30",171.2,37,
"2012-01-28 09:50:07",172.1,36.6,
"2012-01-27 07:05:30",171.3,36.6,
"2012-01-26 07:05:20",170.1,36.5,
"2012-01-25 07:05:48",168.8,35.7,
"2012-01-24 07:15:31",168.8,34.9,
"2012-01-23 07:17:37",171.3,35.3,
"2012-01-22 07:22:25",170.3,36.8,
"2012-01-21 08:18:11",170.7,36.9,
"2012-01-20 07:17:16",170.1,37,
"2012-01-19 07:09:26",170,37.3,
"2012-01-18 07:05:03",169.8,36.9,
"2012-01-17 07:32:23",170.6,36.9,
"2012-01-16 07:00:32",171.8,36.5,
"2012-01-15 07:39:35",173.5,38.5,"detox starts here"
"2012-01-14 07:40:59",172.4,38.8,
"2012-01-13 07:21:09",173.4,37.7,
"2012-01-12 07:16:49",173.6,37.5,
"2012-01-11 07:09:44",173.9,38.3,
"2012-01-10 07:09:31",174.1,36.7,
"2012-01-09 07:08:57",173.1,38.4,
"2012-01-08 08:43:32",174.6,37.7,
"2012-01-07 10:00:33",173.4,36.6,
"2012-01-06 07:03:46",173.9,37.7,
"2012-01-05 19:56:02",174.7,39.2,
"2012-01-05 07:02:32",173.8,38.2,
"2012-01-04 06:29:58",174.7,37.9,
"2012-01-03 06:34:39",174.5,39.1,
"2012-01-02 08:03:59",174.7,39.1,
"2011-12-31 10:37:57",174.5,35.4,
"2011-12-30 07:40:19",173.2,37.1,
"2011-12-29 08:12:31",172.8,37.2,
"2011-12-28 07:14:13",174.2,38.7,
"2011-12-26 08:22:15",173.2,36.2,
"2011-12-24 07:34:00",172,36.7,
"2011-12-23 07:34:27",173,36.5,
"2011-12-22 07:15:38",172,37.2,
"2011-12-21 07:30:21",172.2,37.1,
"2011-12-21 00:00:04",173.7,36.1,
"2011-12-20 07:17:22",172.1,38.3,
"2011-12-19 07:24:04",171.4,37.6,
"2011-12-18 07:59:30",172.1,36.7,
"2011-12-17 21:44:15",173.6,36,
"2011-12-17 09:00:55",171.4,37.7,
"2011-12-16 07:42:11",172.8,35.9,
"2011-12-16 07:41:54",172.6,36.1,
"2011-12-15 07:20:10",172.5,38.8,
"2011-12-14 07:09:13",170.2,37.3,
"2011-12-13 07:08:39",170.3,37.7,
"2011-12-12 07:13:08",170.5,38.1,
"2011-12-11 21:05:40",171.5,36.6,
"2011-12-11 08:49:53",172.1,36.4,
"2011-12-11 00:25:16",173.8,34.4,
"2011-12-10 21:36:20",173.8,36.2,
"2011-12-10 08:00:00",171.8,,
"2011-12-10 08:00:00",171.8,,
"2011-12-10 08:00:00",171.8,,
"2011-12-10 08:00:00",171.8,,
"2011-12-10 08:00:00",171.8,,
"2011-12-10 07:57:56",172,32.9,
"2011-12-09 08:00:00",171.2,,
"2011-12-09 08:00:00",171.2,,
"2011-12-09 08:00:00",171.2,,
"2011-12-09 08:00:00",171.2,,
"2011-12-09 08:00:00",171.2,,
"2011-12-09 07:08:50",171.2,33.1,
"2011-12-08 23:13:23",172.7,33.4,
"2011-12-08 23:12:18",172.4,33.2,
"2011-12-08 22:31:53",172.2,33,
"2011-12-08 22:23:08",172,,
"2011-12-08 08:00:00",170.8,,
"2011-12-08 08:00:00",170.8,,
"2011-12-08 08:00:00",170.8,,
"2011-12-08 08:00:00",170.8,,
"2011-12-08 08:00:00",170.8,,
"2011-12-06 08:00:00",171,,
"2011-12-06 08:00:00",171,,
"2011-12-06 08:00:00",171,,
"2011-12-06 08:00:00",171,,
"2011-12-06 08:00:00",171,,
"2011-12-05 08:00:00",171,,
"2011-12-05 08:00:00",171,,
"2011-12-05 08:00:00",171,,
"2011-12-05 08:00:00",171,,
"2011-12-05 08:00:00",171,,
"2011-12-04 08:00:00",171,,
"2011-12-04 08:00:00",171,,
"2011-12-04 08:00:00",171,,
"2011-12-04 08:00:00",171,,
"2011-12-04 08:00:00",171,,
"2011-12-03 08:00:00",172.4,,
"2011-12-03 08:00:00",172.4,,
"2011-12-03 08:00:00",172.4,,
"2011-12-03 08:00:00",172.4,,
"2011-12-03 08:00:00",172.4,,
"2011-12-02 08:00:00",170.4,,
"2011-12-02 08:00:00",170.4,,
"2011-12-02 08:00:00",170.4,,
"2011-12-02 08:00:00",170.4,,
"2011-12-02 08:00:00",170.4,,
"2011-12-01 08:00:00",170.6,,
"2011-12-01 08:00:00",170.6,,
"2011-12-01 08:00:00",170.6,,
"2011-12-01 08:00:00",170.6,,
"2011-12-01 08:00:00",170.6,,
"2011-11-30 08:00:00",171.6,,
"2011-11-30 08:00:00",171.6,,
"2011-11-30 08:00:00",171.6,,
"2011-11-30 08:00:00",171.6,,
"2011-11-30 08:00:00",171.6,,
"2011-11-29 08:00:00",171.8,,
"2011-11-29 08:00:00",171.8,,
"2011-11-29 08:00:00",171.8,,
"2011-11-29 08:00:00",171.8,,
"2011-11-29 08:00:00",171.8,,
"2011-11-28 08:00:00",172.6,,
"2011-11-28 08:00:00",172.6,,
"2011-11-28 08:00:00",172.6,,
"2011-11-28 08:00:00",172.6,,
"2011-11-28 08:00:00",172.6,,
"2011-11-27 08:00:00",173,,
"2011-11-27 08:00:00",173,,
"2011-11-27 08:00:00",173,,
"2011-11-27 08:00:00",173,,
"2011-11-27 08:00:00",173,,
"2011-11-26 08:00:00",173.8,,
"2011-11-26 08:00:00",173.8,,
"2011-11-26 08:00:00",173.8,,
"2011-11-26 08:00:00",173.8,,
"2011-11-26 08:00:00",173.8,,
"2011-11-25 08:00:00",172.4,,
"2011-11-25 08:00:00",172.4,,
"2011-11-25 08:00:00",172.4,,
"2011-11-25 08:00:00",172.4,,
"2011-11-25 08:00:00",172.4,,
"2011-11-24 08:00:00",171.8,,
"2011-11-24 08:00:00",171.8,,
"2011-11-24 08:00:00",171.8,,
"2011-11-24 08:00:00",171.8,,
"2011-11-24 08:00:00",171.8,,
"2011-11-23 08:00:00",172.4,,
"2011-11-23 08:00:00",172.4,,
"2011-11-23 08:00:00",172.4,,
"2011-11-23 08:00:00",172.4,,
"2011-11-23 08:00:00",172.4,,
"2011-11-22 08:00:00",173.6,,
"2011-11-22 08:00:00",173.6,,
"2011-11-22 08:00:00",173.6,,
"2011-11-22 08:00:00",173.6,,
"2011-11-22 08:00:00",173.6,,
"2011-11-21 08:00:00",173.2,,
"2011-11-21 08:00:00",173.2,,
"2011-11-21 08:00:00",173.2,,
"2011-11-21 08:00:00",173.2,,
"2011-11-21 08:00:00",173.2,,
"2011-11-20 08:00:00",174,,
"2011-11-20 08:00:00",174,,
"2011-11-20 08:00:00",174,,
"2011-11-20 08:00:00",174,,
"2011-11-20 08:00:00",174,,
"2011-11-19 08:00:00",173.2,,
"2011-11-19 08:00:00",173.2,,
"2011-11-19 08:00:00",173.2,,
"2011-11-19 08:00:00",173.2,,
"2011-11-19 08:00:00",173.2,,
"2011-11-18 08:00:00",174,,
"2011-11-18 08:00:00",174,,
"2011-11-18 08:00:00",174,,
"2011-11-18 08:00:00",174,,
"2011-11-18 08:00:00",174,,
"2011-11-17 08:00:00",173.2,,
"2011-11-17 08:00:00",173.2,,
"2011-11-17 08:00:00",173.2,,
"2011-11-17 08:00:00",173.2,,
"2011-11-17 08:00:00",173.2,,
"2011-11-16 08:00:00",173.8,,
"2011-11-16 08:00:00",173.8,,
"2011-11-16 08:00:00",173.8,,
"2011-11-16 08:00:00",173.8,,
"2011-11-16 08:00:00",173.8,,
"2011-11-15 08:00:00",174.2,,
"2011-11-15 08:00:00",174.2,,
"2011-11-15 08:00:00",174.2,,
"2011-11-15 08:00:00",174.2,,
"2011-11-15 08:00:00",174.2,,
"2011-11-14 08:00:00",173.8,,
"2011-11-14 08:00:00",173.8,,
"2011-11-14 08:00:00",173.8,,
"2011-11-14 08:00:00",173.8,,
"2011-11-14 08:00:00",173.8,,
"2011-11-13 08:00:00",174.8,,
"2011-11-13 08:00:00",174.8,,
"2011-11-13 08:00:00",174.8,,
"2011-11-13 08:00:00",174.8,,
"2011-11-13 08:00:00",174.8,,
"2011-11-12 08:00:00",175,,
"2011-11-12 08:00:00",175,,
"2011-11-12 08:00:00",175,,
"2011-11-12 08:00:00",175,,
"2011-11-12 08:00:00",175,,
"2011-11-11 08:00:00",175.8,,
"2011-11-11 08:00:00",175.8,,
"2011-11-11 08:00:00",175.8,,
"2011-11-11 08:00:00",175.8,,
"2011-11-11 08:00:00",175.8,,
"2011-11-10 08:00:00",175,,
"2011-11-10 08:00:00",175,,
"2011-11-10 08:00:00",175,,
"2011-11-10 08:00:00",175,,
"2011-11-10 08:00:00",175,,
