"Date","Weight (lb)","Fat mass (%)","Lean mass (%)","Comments"
"2015-10-09 6:40 AM","177.4","22.9","77.1",""
"2015-10-08 6:09 AM","177.1","23.42","76.58",""
"2015-10-07 6:05 AM","176.1","22.6","77.4",""
"2015-10-06 6:08 AM","176.7","23.34","76.66",""
"2015-10-05 6:07 AM","177.1","22.67","77.33",""
"2015-10-04 7:31 AM","176.7","22.49","77.51",""
"2015-10-03 9:00 AM","177.9","23.33","76.67",""
"2015-10-02 6:23 AM","177.8","23.4","76.6",""
"2015-10-01 6:10 AM","177.8","22.22","77.78",""
"2015-09-30 6:11 AM","177.7","22.35","77.65",""
"2015-09-29 6:08 AM","176.8","22.63","77.37",""
"2015-09-28 5:59 AM","177.6","23.17","76.83",""
"2015-09-27 8:10 AM","177.5","22.98","77.02",""
"2015-09-26 8:28 AM","175.9","23.89","76.11",""
"2015-09-25 6:01 AM","177.9","22.73","77.27",""
"2015-09-24 7:01 AM","176.9","22.71","77.29",""
"2015-09-23 7:03 AM","176.9","23.14","76.86",""
"2015-09-22 6:04 AM","176.6","22.09","77.91",""
"2015-09-21 6:02 AM","177.3","22.54","77.46",""
"2015-09-20 7:40 AM","177.9","22.84","77.16",""
"2015-09-19 9:37 AM","178.1","23.23","76.77",""
"2015-09-18 6:03 AM","178","22.6","77.4",""
"2015-09-17 6:01 AM","178.1","22.74","77.26",""
"2015-09-16 6:02 AM","176.7","23.6","76.4",""
"2015-09-15 6:04 AM","179.1","22.86","77.14",""
"2015-09-14 7:37 AM","179.7","22.79","77.21",""
"2015-09-13 5:29 AM","178.6","22.59","77.41",""
"2015-09-12 8:10 AM","177.6","23.12","76.88",""
"2015-09-11 6:03 AM","177.7","22.24","77.76",""
"2015-09-10 5:52 AM","177.4","22.57","77.43",""
"2015-09-09 6:02 AM","177.4","22.62","77.38",""
"2015-09-08 6:05 AM","178.1","22.68","77.32",""
"2015-09-07 8:02 AM","179.3","22.43","77.57",""
"2015-09-06 7:28 AM","179.9","22.63","77.37",""
"2015-09-05 9:14 AM","179.2","22.94","77.06",""
"2015-09-04 5:55 AM","179.6","22.93","77.07",""
"2015-09-03 5:52 AM","178.2","23.14","76.86",""
"2015-09-02 6:52 AM","177.9","23.96","76.04",""
"2015-09-01 6:11 AM","177.8","23.71","76.29",""
"2015-08-31 6:10 AM","179.2","23.21","76.79",""
"2015-08-30 8:21 AM","180.1","","",""
"2015-08-29 7:17 AM","180.2","23.06","76.94",""
"2015-08-28 5:49 AM","177.9","","",""
"2015-08-27 6:54 AM","180.7","23.12","76.88",""
"2015-08-26 6:39 AM","179.2","23.16","76.84",""
"2015-08-25 5:57 AM","179.1","23.73","76.27",""
"2015-08-24 5:52 AM","179.2","24.03","75.97",""
"2015-08-23 11:39 AM","180.6","23.98","76.02",""
"2015-08-04 6:14 AM","180.8","23.59","76.41",""
"2015-08-03 6:07 AM","180.9","22.84","77.16",""
"2015-08-02 10:35 AM","179.8","22.76","77.24",""
"2015-08-01 8:05 AM","181.8","22.8","77.2",""
"2015-07-28 6:36 AM","180.3","23.08","76.92",""
"2015-07-27 8:23 AM","179","21.99","78.01",""
"2015-07-23 8:09 AM","179.1","23.55","76.45",""
"2015-07-22 6:37 AM","181.2","","",""
"2015-07-21 6:59 AM","179.1","22.57","77.43",""
"2015-07-20 6:07 AM","180.3","23.07","76.93",""
"2015-07-17 8:08 AM","179.8","23.52","76.48",""
"2015-07-16 6:14 AM","179.8","22.75","77.25",""
"2015-07-15 6:59 AM","179.1","23.06","76.94",""
"2015-07-12 9:48 AM","179.7","21.12","78.88",""
"2015-07-11 8:29 AM","179.6","23.02","76.98",""
"2015-07-10 8:24 AM","178.6","21.76","78.24",""
"2015-07-09 7:12 AM","179.2","22.81","77.19",""
"2015-07-08 7:37 AM","180.1","21.73","78.27",""
"2015-07-07 7:23 AM","178.2","22.69","77.31",""
"2015-07-06 6:16 AM","178.5","22.54","77.46",""
"2015-07-04 7:58 AM","179.5","21.45","78.55",""
"2015-07-03 8:35 AM","179.5","22.43","77.57",""
"2015-07-02 7:43 AM","178.6","21.75","78.25",""
"2015-07-02 6:45 AM","179.7","23.04","76.96",""
"2015-07-01 7:20 AM","178","23.65","76.35",""
"2015-06-30 6:23 AM","178.2","23.28","76.72",""
"2015-06-29 6:38 AM","181.4","23.21","76.79",""
"2015-06-27 7:58 AM","179.7","22.77","77.23",""
"2015-06-26 7:49 AM","179","22.64","77.36",""
"2015-06-25 6:40 AM","180.1","22.95","77.05",""
"2015-06-24 6:23 AM","179.9","23.66","76.34",""
"2015-06-22 6:37 AM","180.6","21.18","78.82",""
"2015-06-20 7:13 AM","179.3","22.89","77.11",""
"2015-06-19 6:04 AM","179.9","22.27","77.73",""
"2015-06-18 5:59 AM","178.7","23.63","76.37",""
"2015-06-17 6:25 AM","179.2","24.12","75.88",""
"2015-06-16 5:58 AM","179.8","22.96","77.04",""
"2015-06-15 6:10 AM","178.5","22.48","77.52",""
"2015-06-14 9:09 AM","179.3","22.23","77.77",""
"2015-06-13 7:19 AM","177.4","22.91","77.09",""
"2015-06-12 6:08 AM","178.5","22.04","77.96",""
"2015-06-11 6:09 AM","179","22.69","77.31",""
"2015-06-10 6:01 AM","179.7","22.65","77.35",""
"2015-06-09 6:16 AM","179.8","22.63","77.37",""
"2015-06-08 6:19 AM","179","23.18","76.82",""
"2015-06-07 9:57 AM","177.3","23.31","76.69",""
"2015-06-06 8:10 AM","178","23.27","76.73",""
"2015-06-02 6:00 AM","177.1","22.79","77.21",""
"2015-06-01 6:23 AM","177.7","23.49","76.51",""
"2015-05-29 5:58 AM","178.5","23.56","76.44",""
"2015-05-28 6:19 AM","178.7","22.7","77.3",""
"2015-05-27 5:57 AM","179.2","22.85","77.15",""
"2015-05-26 5:54 AM","177.3","22.77","77.23",""
"2015-05-25 8:36 AM","178.1","23.13","76.87",""
"2015-05-23 7:40 AM","176.7","23.03","76.97",""
"2015-05-22 6:46 AM","176.4","22.77","77.23",""
"2015-05-20 6:12 AM","178.9","22.65","77.35",""
"2015-05-19 6:05 AM","179","23.06","76.94",""
"2015-05-17 7:18 AM","178.8","22.72","77.28",""
"2015-05-16 8:57 AM","178.2","23.32","76.68",""
"2015-05-15 6:16 AM","178.7","23.78","76.22",""
"2015-05-14 6:19 AM","178.6","23.37","76.63",""
"2015-05-13 6:22 AM","178.4","23.46","76.54",""
"2015-05-12 7:20 AM","178.8","22.56","77.44",""
"2015-05-11 6:06 AM","179","22.07","77.93",""
"2015-05-10 9:13 AM","177.5","23.04","76.96",""
"2015-05-09 7:35 AM","178.6","22.71","77.29",""
"2015-05-08 6:10 AM","179.1","22.98","77.02",""
"2015-05-07 6:45 AM","178.6","22.87","77.13",""
"2015-05-06 7:13 AM","179.1","23.2","76.8",""
"2015-05-05 6:50 AM","179.3","22.33","77.67",""
"2015-05-04 6:51 AM","178.7","23.12","76.88",""
"2015-05-01 6:39 AM","178.6","22.93","77.07",""
"2015-04-30 7:02 AM","178","22.82","77.18",""
"2015-04-28 6:55 AM","179.6","22.83","77.17",""
"2015-04-27 6:23 AM","180.4","23.46","76.54",""
"2015-04-24 6:21 AM","179.9","23.64","76.36",""
"2015-04-23 7:07 AM","179.5","23.62","76.38",""
"2015-04-22 7:21 AM","179.1","22.86","77.14",""
"2015-04-21 6:33 AM","179","23.1","76.9",""
"2015-04-20 6:32 AM","177.6","22.96","77.04",""
"2015-04-19 8:04 AM","179.3","23.31","76.69",""
"2015-04-18 8:00 AM","178.4","23.29","76.71",""
"2015-04-17 7:01 AM","179.1","22.48","77.52",""
"2015-04-16 5:57 AM","178.7","23.01","76.99",""
"2015-04-15 6:03 AM","179.1","","",""
"2015-04-14 6:31 AM","177.6","22.74","77.26",""
"2015-04-13 6:05 AM","178.1","23.98","76.02",""
"2015-04-12 10:06 AM","179.7","23.62","76.38",""
"2015-04-09 7:27 AM","180.1","23.75","76.25",""
"2015-04-08 6:57 AM","181.2","23.74","76.26",""
"2015-03-30 6:26 AM","179.2","23.54","76.46",""
"2015-03-25 6:18 AM","180.3","23.42","76.58",""
"2015-03-16 6:18 AM","182.3","23.36","76.64",""
"2015-03-13 6:59 AM","179.9","24.06","75.94",""
"2015-03-12 7:04 AM","179.8","23.09","76.91",""
"2015-03-11 6:17 AM","180.9","23.97","76.03",""
"2015-03-10 5:51 AM","180.7","23.46","76.54",""
"2015-03-09 6:41 AM","181.8","23.21","76.79",""
"2015-03-06 7:02 AM","182.4","22.94","77.06",""
"2015-03-05 7:21 AM","180.2","22.83","77.17",""
"2015-03-04 6:49 AM","180.4","22.61","77.39",""
"2015-03-03 6:41 AM","179","23.85","76.15",""
"2015-03-02 6:25 AM","181.2","23.61","76.39",""
"2015-02-28 8:33 AM","179.9","23.78","76.22",""
"2015-02-27 6:11 AM","179.9","23.45","76.55",""
"2015-02-26 7:18 AM","179.9","23.18","76.82",""
"2015-02-23 7:50 AM","179.6","22.86","77.14",""
"2015-02-20 6:37 AM","181","23.54","76.46",""
"2015-02-16 8:09 AM","180.7","22.39","77.61",""
"2015-02-13 6:27 AM","179.5","23.7","76.3",""
"2015-02-11 6:24 AM","179.7","23.33","76.67",""
"2015-02-10 6:27 AM","179.8","22.53","77.47",""
"2015-02-09 7:40 AM","180.8","22.03","77.97",""
"2015-02-08 10:52 AM","180.4","","",""
"2015-02-06 6:34 AM","180.9","22.95","77.05",""
"2015-02-05 6:32 AM","180","23.31","76.69",""
"2015-02-04 6:39 AM","180.2","23.54","76.46",""
"2015-02-03 7:36 AM","179.5","23.15","76.85",""
"2015-01-30 5:55 AM","178.1","22.66","77.34",""
"2015-01-29 5:50 AM","178.7","23.09","76.91",""
"2015-01-29 5:49 AM","178.6","23.06","76.94",""
"2015-01-27 8:11 AM","178.6","22.84","77.16",""
"2015-01-26 6:40 AM","179.2","23.19","76.81",""
"2015-01-23 6:39 AM","178.4","22.99","77.01",""
"2015-01-22 6:25 AM","180","22.86","77.14",""
"2015-01-21 6:23 AM","178.2","23.12","76.88",""
"2015-01-20 6:13 AM","178.9","22.88","77.12",""
"2015-01-17 8:37 AM","178.5","22.97","77.03",""
"2015-01-16 6:17 AM","180.6","23.02","76.98",""
"2015-01-15 6:22 AM","182.5","23.01","76.99",""
"2015-01-14 6:32 AM","180.6","23.35","76.65",""
"2015-01-13 6:06 AM","178.6","22.46","77.54",""
"2015-01-09 6:20 AM","179.9","23.77","76.23",""
"2015-01-08 6:34 AM","179.7","23.48","76.52",""
"2015-01-07 6:40 AM","179.1","23.98","76.02",""
"2015-01-06 5:54 AM","177.5","","",""
"2015-01-05 6:10 AM","179.2","23.3","76.7",""
"2015-01-04 8:38 AM","180.4","23.59","76.41",""
"2015-01-03 8:35 AM","180.4","24.09","75.91",""
"2014-12-25 2:07 PM","179.6","22.95","77.05",""
"2014-12-24 9:19 AM","179.5","","",""
"2014-12-23 8:02 AM","179.5","22.97","77.03",""
"2014-12-20 10:36 AM","180.2","23.36","76.64",""
"2014-12-19 6:16 AM","178.8","23.33","76.67",""
"2014-12-18 6:55 AM","178.4","23.3","76.7",""
"2014-12-17 6:43 AM","178.4","22.93","77.07",""
"2014-12-16 6:26 AM","179.1","23.69","76.31",""
"2014-12-15 6:17 AM","179.2","23.67","76.33",""
"2014-12-14 7:43 AM","178.8","","",""
"2014-12-11 6:09 AM","179.3","23.43","76.57",""
"2014-12-10 6:20 AM","179.2","23.34","76.66",""
"2014-12-09 6:44 AM","179.1","23.69","76.31",""
"2014-12-08 6:43 AM","178.8","22.72","77.28",""
"2014-12-07 9:04 AM","180.7","23.59","76.41",""
"2014-12-05 6:18 AM","181","23.35","76.65",""
"2014-12-04 6:20 AM","178.9","23.03","76.97",""
"2014-12-03 6:23 AM","178.9","23.63","76.37",""
"2014-12-02 6:20 AM","179.5","23.35","76.65",""
"2014-12-01 6:07 AM","179.2","23.45","76.55",""
"2014-11-30 9:40 AM","180.3","24.16","75.84",""
"2014-11-25 6:14 AM","179.3","22.66","77.34",""
"2014-11-24 6:14 AM","179.8","22.45","77.55",""
"2014-11-23 8:46 AM","178.2","23.05","76.95",""
"2014-11-21 6:31 AM","177.9","23.87","76.13",""
"2014-11-20 6:18 AM","178.6","23.85","76.15",""
"2014-11-19 6:58 AM","178.2","23.05","76.95",""
"2014-11-18 7:13 AM","178.1","23.12","76.88",""
"2014-11-17 6:17 AM","179.6","22.33","77.67",""
"2014-11-14 7:19 AM","178.8","22.66","77.34",""
"2014-11-13 6:11 AM","178.8","23.2","76.8",""
"2014-11-12 6:23 AM","178.1","23.28","76.72",""
"2014-11-11 5:51 AM","178.9","23.4","76.6",""
"2014-11-10 6:35 AM","178.9","22.58","77.42",""
"2014-11-09 7:54 AM","179.8","22.72","77.28",""
"2014-11-05 6:52 AM","181.6","22.54","77.46",""
"2014-11-04 7:23 AM","179.7","23.24","76.76",""
"2014-11-03 6:34 AM","179.8","22.77","77.23",""
"2014-10-30 6:44 AM","177.6","22.63","77.37",""
"2014-10-29 7:28 AM","177.4","23.16","76.84",""
"2014-10-28 7:42 AM","177.4","22.68","77.32",""
"2014-10-25 8:46 AM","177.5","23.24","76.76",""
"2014-10-23 7:17 AM","178","22.54","77.46",""
"2014-10-16 6:36 AM","178.2","21.68","78.32",""
"2014-10-14 6:36 AM","178.5","21.85","78.15",""
"2014-10-13 6:40 AM","178.4","22.36","77.64",""
"2014-10-12 8:38 AM","178.9","23.17","76.83",""
"2014-10-09 6:27 AM","176.7","22.48","77.52",""
"2014-10-08 7:04 AM","176.5","21.73","78.27",""
"2014-10-07 6:19 AM","175.6","22.37","77.63",""
"2014-10-03 7:17 AM","175","22.51","77.49",""
"2014-10-01 6:17 AM","175.4","22.92","77.08",""
"2014-09-30 6:47 AM","176.8","22.35","77.65",""
"2014-09-29 6:37 AM","176.5","22.62","77.38",""
"2014-09-26 6:04 AM","176.3","22.34","77.66",""
"2014-09-25 7:03 AM","176.3","22.71","77.29",""
"2014-09-24 7:07 AM","177","21.45","78.55",""
"2014-09-22 6:14 AM","177.4","21.75","78.25",""
"2014-09-17 6:16 AM","176.4","22.64","77.36",""
"2014-09-10 6:01 AM","175.6","22.04","77.96",""
"2014-09-09 7:21 AM","175.2","21.4","78.6",""
"2014-09-08 6:28 AM","174.6","22.94","77.06",""
"2014-09-05 6:36 AM","175.6","22.25","77.75",""
"2014-09-04 6:09 AM","176.1","23.09","76.91",""
"2014-09-03 6:13 AM","176.3","22.81","77.19",""
"2014-09-02 6:44 AM","176.5","","",""
"2014-09-02 6:23 AM","176.6","23.01","76.99",""
"2014-09-01 9:38 AM","175.7","22.49","77.51",""
"2014-08-31 1:22 PM","173.9","22.28","77.72",""
"2014-08-27 6:57 AM","178.2","22.26","77.74",""
"2014-08-26 5:49 AM","178.9","22.77","77.23",""
"2014-08-20 6:54 AM","177","23.46","76.54",""
"2014-08-19 6:07 AM","178.5","22.59","77.41",""
"2014-08-18 7:26 AM","177.1","22.21","77.79",""
"2014-08-15 6:13 AM","177.3","22.94","77.06",""
"2014-08-14 6:07 AM","177.3","22.83","77.17",""
"2014-08-13 6:37 AM","175.9","21.24","78.76",""
"2014-08-12 7:29 AM","175.8","22.78","77.22",""
"2014-08-11 6:40 AM","177","22.5","77.5",""
"2014-08-04 6:08 AM","176.8","21.48","78.52",""
"2014-08-03 8:32 AM","176.4","22.25","77.75",""
"2014-08-01 6:35 AM","177","22.07","77.93",""
"2014-07-31 6:24 AM","175.9","22.44","77.56",""
"2014-07-30 6:50 AM","176.4","21.09","78.91",""
"2014-07-23 6:42 AM","175.6","21.45","78.55",""
"2014-07-22 6:04 AM","175.7","22.06","77.94",""
"2014-07-21 6:34 AM","175","21.71","78.29",""
"2014-07-20 8:31 AM","175.6","22.08","77.92",""
"2014-07-18 6:09 AM","175.7","21.74","78.26",""
"2014-07-17 6:39 AM","173.9","21.7","78.3",""
"2014-07-16 6:24 AM","174.6","21.84","78.16",""
"2014-07-15 6:16 AM","175.5","21.42","78.58",""
"2014-07-14 5:56 AM","176.3","21.64","78.36",""
"2014-07-13 7:51 AM","175.6","21.34","78.66",""
"2014-07-12 6:57 AM","176.8","22.64","77.36",""
"2014-07-11 6:28 AM","175.8","22.35","77.65",""
"2014-07-10 6:03 AM","177.5","22.24","77.76",""
"2014-07-09 6:41 AM","177.5","22.03","77.97",""
"2014-07-08 4:01 AM","176.6","21.88","78.12",""
"2014-07-07 6:46 AM","177","21.8","78.2",""
"2014-07-04 8:47 AM","176.9","22.88","77.12",""
"2014-07-03 7:45 AM","177.3","21.91","78.09",""
"2014-07-02 7:10 AM","178.2","22.62","77.38",""
"2014-06-30 6:06 AM","176.7","21.07","78.93",""
"2014-06-27 6:05 AM","174.5","21.91","78.09",""
"2014-06-26 8:44 AM","175.7","20.95","79.05",""
"2014-06-23 6:10 AM","175.3","22.44","77.56",""
"2014-06-22 9:16 AM","175.6","23.79","76.21",""
"2014-06-20 6:12 AM","174.8","22.41","77.59",""
"2014-06-19 5:55 AM","174.2","22.73","77.27",""
"2014-06-18 6:23 AM","174.2","22.06","77.94",""
"2014-06-17 5:55 AM","174.9","22.03","77.97",""
"2014-06-16 5:45 AM","176.8","21.46","78.54",""
"2014-06-14 8:02 AM","175.9","21.95","78.05",""
"2014-06-12 4:38 AM","175.4","22.42","77.58",""
"2014-06-11 5:52 AM","176.4","22.55","77.45",""
"2014-06-10 6:40 AM","176.3","22.78","77.22",""
"2014-06-09 7:08 AM","177.5","21.7","78.3",""
"2014-06-02 6:08 AM","176.3","22.57","77.43",""
"2014-05-30 7:02 AM","177.1","22.29","77.71",""
"2014-05-29 6:38 AM","174.5","21.95","78.05",""
"2014-05-28 6:03 AM","175.5","21.09","78.91",""
"2014-05-27 6:41 AM","175.5","21.51","78.49",""
"2014-05-23 7:00 AM","175.9","21.89","78.11",""
"2014-05-21 6:09 AM","175.5","22.03","77.97",""
"2014-05-20 6:42 AM","174.6","21.72","78.28",""
"2014-05-19 6:46 AM","175.5","21.71","78.29",""
"2014-05-18 8:00 AM","175.9","22.05","77.95",""
"2014-05-15 6:40 AM","176.1","22.16","77.84",""
"2014-05-09 6:30 AM","175.6","22.26","77.74",""
"2014-05-08 6:16 AM","174.7","21.85","78.15",""
"2014-05-07 5:55 AM","175.5","22.13","77.87",""
"2014-05-06 6:12 AM","174.8","22.86","77.14",""
"2014-05-05 5:56 AM","176.1","22.05","77.95",""
"2014-05-02 6:01 AM","176.5","22.15","77.85",""
"2014-04-30 6:05 AM","176.7","23","77",""
"2014-04-29 6:25 AM","175.3","22.32","77.68",""
"2014-04-28 5:56 AM","175.9","22.04","77.96",""
"2014-04-24 5:59 AM","175.9","22.72","77.28",""
"2014-04-23 5:51 AM","174.4","22.47","77.53",""
"2014-04-22 6:14 AM","174.7","22.82","77.18",""
"2014-04-20 6:16 AM","176","21.86","78.14",""
"2014-04-04 6:52 AM","175.2","22.17","77.83",""
"2014-04-03 6:14 AM","175.5","22.79","77.21",""
"2014-04-02 6:06 AM","175.5","21.9","78.1",""
"2014-04-01 6:11 AM","176.7","22.04","77.96",""
"2014-03-31 6:15 AM","176.6","21.16","78.84",""
"2014-03-30 7:56 AM","175.6","22.41","77.59",""
"2014-03-29 8:35 AM","175.5","22.53","77.47",""
"2014-03-28 6:14 AM","176.8","22.81","77.19",""
"2014-03-27 6:19 AM","177.9","22.6","77.4",""
"2014-03-27 6:18 AM","178.5","22.65","77.35",""
"2014-03-26 6:17 AM","176.6","22.43","77.57",""
"2014-03-25 6:16 AM","176.5","23.14","76.86",""
"2014-03-24 5:56 AM","176.7","21.77","78.23",""
"2014-03-21 6:12 AM","175.3","22.77","77.23",""
"2014-03-20 6:17 AM","176.3","22.23","77.77",""
"2014-03-18 6:12 AM","177","22.02","77.98",""
"2014-03-17 6:07 AM","176.4","21.89","78.11",""
"2014-03-13 6:18 AM","174.8","22.07","77.93",""
"2014-03-12 6:17 AM","174.8","22.02","77.98",""
"2014-03-11 6:12 AM","175.7","21.75","78.25",""
"2014-03-10 6:11 AM","176.9","22.42","77.58",""
"2014-03-09 8:19 AM","175.8","22.1","77.9",""
"2014-03-07 6:12 AM","176.5","22.08","77.92",""
"2014-03-06 6:19 AM","175.6","22.14","77.86",""
"2014-03-05 6:09 AM","175.4","22.33","77.67",""
"2014-01-31 6:13 AM","173.1","22.85","77.15",""
"2014-01-30 6:56 AM","173.3","22.26","77.74",""
"2014-01-29 6:11 AM","173","22.46","77.54",""
"2014-01-28 6:18 AM","172.8","22.38","77.62",""
"2014-01-27 6:17 AM","172.7","22.55","77.45",""
"2014-01-24 6:14 AM","174.5","22.88","77.12",""
"2014-01-23 6:07 AM","174.1","23.1","76.9",""
"2014-01-22 7:44 AM","174.7","22.85","77.15",""
"2014-01-21 6:09 AM","174.5","22.73","77.27",""
"2014-01-20 5:59 AM","175.6","22.54","77.46",""
"2014-01-19 8:24 AM","175.6","22.22","77.78",""
"2014-01-18 8:42 AM","176.1","22.28","77.72",""
"2014-01-17 6:04 AM","175.2","22.1","77.9",""
"2014-01-16 6:45 AM","174.1","22.34","77.66",""
"2014-01-15 6:10 AM","174.7","22.02","77.98",""
"2014-01-14 6:08 AM","176","22.3","77.7",""
"2014-01-13 6:09 AM","174.5","22.06","77.94",""
"2014-01-10 6:00 AM","174.4","22.07","77.93",""
"2014-01-09 6:10 AM","173.2","22.07","77.93",""
"2014-01-08 5:59 AM","172.5","21.77","78.23",""
"2014-01-07 6:03 AM","172.4","21.74","78.26",""
"2014-01-06 5:35 AM","174.5","21.59","78.41",""
"2014-01-05 7:50 AM","174.6","21.52","78.48",""
"2014-01-03 9:47 AM","175","22.01","77.99",""
"2013-12-31 11:09 AM","173.2","21.66","78.34",""
"2013-12-30 11:38 AM","173.1","21.53","78.47",""
"2013-12-30 11:31 AM","173.8","21.65","78.35",""
"2013-12-13 6:01 AM","170.4","22.59","77.41",""
"2013-12-12 6:21 AM","169.9","22.13","77.87",""
"2013-12-10 6:47 AM","170.5","21.66","78.34",""
"2013-12-09 6:50 AM","170.4","20.94","79.06",""
"2013-12-06 8:48 AM","169.8","22.77","77.23",""
"2013-12-04 5:51 AM","174.3","21.87","78.13",""
"2013-12-02 6:36 AM","174.1","22.22","77.78",""
"2013-11-20 6:44 AM","172.8","22.1","77.9",""
"2013-11-13 6:21 AM","173.8","22.81","77.19",""
"2013-11-12 6:17 AM","172.8","21.9","78.1",""
"2013-11-11 6:12 AM","174.3","21.46","78.54",""
"2013-11-07 7:20 AM","172.6","22.28","77.72",""
"2013-11-04 6:11 AM","172.3","21.23","78.77",""
"2013-10-29 6:27 AM","172.1","21.91","78.09",""
"2013-10-28 6:20 AM","172.6","21.83","78.17",""
"2013-10-24 6:04 AM","173","21.27","78.73",""
"2013-10-21 5:57 AM","173.1","21.56","78.44",""
"2013-10-17 6:07 AM","171.7","21.76","78.24",""
"2013-10-16 5:53 AM","171.7","21.26","78.74",""
"2013-10-14 6:04 AM","172","21.28","78.72",""
"2013-10-09 6:31 AM","171","22.26","77.74",""
"2013-10-08 6:13 AM","171.5","21.94","78.06",""
"2013-10-07 6:13 AM","172","20.58","79.42",""
"2013-10-03 6:26 AM","171.4","21.61","78.39",""
"2013-10-02 6:10 AM","171.7","21.46","78.54",""
"2013-10-01 6:09 AM","172.1","20.91","79.09",""
"2013-09-30 6:22 AM","171.3","20.59","79.41",""
"2013-09-29 6:05 AM","171.4","21.85","78.15",""
"2013-09-28 9:40 AM","170.2","22.01","77.99",""
"2013-09-27 5:46 AM","170.7","21.36","78.64",""
"2013-09-26 6:04 AM","170.3","21.13","78.87",""
"2013-09-25 6:38 AM","171.5","21","79",""
"2013-09-23 6:28 AM","171.5","21.04","78.96",""
"2013-09-22 8:13 AM","169.3","21.55","78.45",""
"2013-09-19 2:46 PM","167.8","21.77","78.23",""
"2013-09-11 6:32 AM","169.9","21.09","78.91",""
"2013-09-10 6:01 AM","171.3","20.68","79.32",""
"2013-09-09 5:58 AM","171.3","20.43","79.57",""
"2013-09-07 7:20 AM","171.7","21.75","78.25",""
"2013-09-06 6:20 AM","170.9","22.02","77.98",""
"2013-09-05 6:59 AM","170.2","21.47","78.53",""
"2013-09-04 7:06 AM","171.7","21.89","78.11",""
"2013-09-03 6:52 AM","172.5","21.08","78.92",""
"2013-08-30 7:08 AM","170.3","21.51","78.49",""
"2013-08-29 7:24 AM","171.4","20.31","79.69",""
"2013-08-26 6:48 AM","171.5","20.05","79.95",""
"2013-08-25 9:05 AM","170.6","21.17","78.83",""
"2013-08-24 7:09 AM","172.1","21.2","78.8",""
"2013-08-23 6:09 AM","170.4","20.91","79.09",""
"2013-08-22 6:28 AM","169","21.81","78.19",""
"2013-08-21 6:53 AM","170","21.5","78.5",""
"2013-08-20 7:15 AM","171.7","20.7","79.3",""
"2013-08-19 6:42 AM","172.1","21.14","78.86",""
"2013-08-18 9:26 AM","171.6","21.06","78.94",""
"2013-08-15 6:21 AM","172.7","21.18","78.82",""
"2013-07-29 7:16 AM","171","20.08","79.92",""
"2013-07-28 7:07 AM","170.5","20.78","79.22",""
"2013-07-27 9:31 AM","170","21.1","78.9",""
"2013-07-26 7:34 AM","170.4","20.36","79.64",""
"2013-07-24 7:25 AM","168.7","20.09","79.91",""
"2013-07-23 6:16 AM","170.4","20.41","79.59",""
"2013-07-22 7:11 AM","169.5","20.44","79.56",""
"2013-07-21 6:52 AM","170.5","20.44","79.56",""
"2013-07-19 6:34 AM","170.1","20.89","79.11",""
"2013-07-18 6:43 AM","169","20.76","79.24",""
"2013-07-17 6:09 AM","170.1","20.99","79.01",""
"2013-07-16 6:34 AM","169.1","21.41","78.59",""
"2013-07-16 6:34 AM","169.2","21.54","78.46",""
"2013-07-15 6:13 AM","172","20.8","79.2",""
"2013-07-14 10:58 AM","171.3","20.56","79.44",""
"2013-07-12 6:09 AM","170.3","21.3","78.7",""
"2013-07-11 6:42 AM","170.5","21.26","78.74",""
"2013-07-10 6:23 AM","171.1","20.84","79.16",""
"2013-07-09 6:05 AM","171.6","20.66","79.34",""
"2013-07-08 6:27 AM","172","20.75","79.25",""
"2013-07-05 7:22 AM","172.6","21.69","78.31",""
"2013-07-03 6:41 AM","172","21.05","78.95",""
"2013-07-02 6:12 AM","173","20.48","79.52",""
"2013-06-29 6:55 AM","171","21.25","78.75",""
"2013-06-28 6:53 AM","170.2","20.77","79.23",""
"2013-06-25 6:20 AM","169.9","21.01","78.99",""
"2013-06-24 6:33 AM","170.5","19.9","80.1",""
"2013-06-23 8:58 AM","171","20.36","79.64",""
"2013-06-22 9:00 AM","168.8","20.82","79.18",""
"2013-06-21 7:22 AM","169.2","21","79",""
"2013-06-20 6:39 AM","170.4","21.32","78.68",""
"2013-06-18 7:05 AM","170.9","20.72","79.28",""
"2013-06-17 7:09 AM","170.3","20.41","79.59",""
"2013-06-16 1:42 PM","168.7","18.99","81.01",""
"2013-06-13 7:09 AM","169.9","21.25","78.75",""
"2013-06-12 6:28 AM","170.6","21.04","78.96",""
"2013-06-11 7:37 AM","170.4","20.83","79.17",""
"2013-06-10 7:02 AM","171.4","20.83","79.17",""
"2013-06-09 7:10 AM","170.5","20.77","79.23",""
"2013-06-08 8:17 AM","170.5","21.01","78.99",""
"2013-06-07 6:57 AM","170.6","20.46","79.54",""
"2013-06-06 7:12 AM","171.2","20.76","79.24",""
"2013-06-06 7:11 AM","171.6","20.79","79.21",""
"2013-06-05 7:07 AM","171.4","20.48","79.52",""
"2013-06-03 6:48 AM","171.4","19.99","80.01",""
"2013-06-02 7:43 AM","171.5","19.82","80.18",""
"2013-06-01 7:28 AM","171.6","","",""
"2013-05-31 6:22 AM","171.4","20.33","79.67",""
"2013-05-29 7:40 AM","172.6","20.28","79.72",""
"2013-05-29 7:39 AM","168.2","19","81",""
"2013-05-23 7:27 AM","171.2","21.1","78.9",""
"2013-05-22 7:17 AM","171.1","19.84","80.16",""
"2013-05-21 7:03 AM","170.2","21.1","78.9",""
"2013-05-20 7:40 AM","170.5","20.76","79.24",""
"2013-05-17 6:56 AM","170.2","21.53","78.47",""
"2013-05-15 6:57 AM","170","20.98","79.02",""
"2013-05-13 5:53 AM","170.7","21.07","78.93",""
"2013-05-12 8:13 AM","171.4","24.36","75.64",""
"2013-05-12 7:45 AM","169.8","20.96","79.04",""
"2013-05-08 6:55 AM","170.6","21.32","78.68",""
"2013-05-07 6:54 AM","170.9","21.1","78.9",""
"2013-05-06 7:07 AM","172.6","20.97","79.03",""
"2013-05-04 7:25 AM","172.6","21.77","78.23",""
"2013-05-02 7:34 AM","172.5","21.49","78.51",""
"2013-05-01 6:55 AM","172.5","21.44","78.56",""
"2013-04-30 7:12 AM","170.6","20.93","79.07",""
"2013-04-29 6:56 AM","171.2","20.95","79.05",""
"2013-04-28 8:04 AM","171.2","21.73","78.27",""
"2013-04-26 7:00 AM","171.9","21.34","78.66",""
"2013-04-25 7:05 AM","171.4","21.55","78.45",""
"2013-04-18 7:03 AM","172","21.57","78.43",""
"2013-04-17 6:55 AM","172.3","21.61","78.39",""
"2013-04-16 7:22 AM","172.1","22.05","77.95",""
"2013-04-15 7:14 AM","172.1","22.24","77.76",""
"2013-04-13 7:07 AM","173.5","21.72","78.28",""
"2013-04-12 7:43 AM","172.2","21.53","78.47",""
"2013-04-11 6:43 AM","172","21.76","78.24",""
"2013-04-10 6:46 AM","172.7","20.54","79.46",""
"2013-04-09 6:43 AM","173","21.1","78.9",""
"2013-04-08 7:47 AM","171","20.48","79.52",""
"2013-04-05 7:40 AM","173.3","22.01","77.99",""
"2013-04-04 7:43 AM","172.6","21.51","78.49",""
"2013-04-03 7:01 AM","172.8","22.08","77.92",""
"2013-04-02 7:32 AM","172.2","21.48","78.52",""
"2013-04-01 7:35 AM","173","21.61","78.39",""
"2013-03-29 8:03 AM","172.5","21.07","78.93",""
"2013-03-28 6:35 AM","172.1","21.05","78.95",""
"2013-03-26 7:41 AM","171.7","21.2","78.8",""
"2013-03-25 7:17 AM","172.7","21.54","78.46",""
"2013-03-22 7:16 AM","170.9","20.89","79.11",""
"2013-03-21 7:10 AM","170.4","21.14","78.86",""
"2013-03-20 6:48 AM","171.7","21.24","78.76",""
"2013-03-19 8:09 AM","171.5","21.72","78.28",""
"2013-03-18 6:37 AM","171.3","21.55","78.45",""
"2013-03-17 9:12 AM","172","21.56","78.44",""
"2013-03-15 7:38 AM","170.2","21.37","78.63",""
"2013-03-14 6:27 AM","171.2","20.59","79.41",""
"2013-03-13 6:50 AM","169.9","21.03","78.97",""
"2013-03-12 7:13 AM","172.2","20.97","79.03",""
"2013-03-11 6:26 AM","172.4","21.54","78.46",""
"2013-03-10 8:55 AM","172.4","21.29","78.71",""
"2013-03-09 8:34 AM","172","21.6","78.4",""
"2013-03-08 6:55 AM","173.1","21.68","78.32",""
"2013-03-07 7:20 AM","173.3","20.73","79.27",""
"2013-03-06 6:29 AM","174.3","21.37","78.63",""
"2013-03-05 7:33 AM","173.8","20.69","79.31",""
"2013-03-04 7:15 AM","174.7","21.14","78.86",""
"2013-02-28 6:56 AM","174.5","20.97","79.03",""
"2013-02-27 6:35 AM","174.5","21.43","78.57",""
"2013-02-26 7:14 AM","174.8","21.84","78.16",""
"2013-02-25 6:47 AM","174.9","21.77","78.23",""
"2013-02-24 9:45 AM","175.4","22.05","77.95",""
"2013-02-23 9:06 AM","173.5","22.01","77.99",""
"2013-02-22 6:50 AM","174.2","22.36","77.64",""
"2013-02-21 7:07 AM","175.7","21.62","78.38",""
"2013-02-18 7:18 AM","172.1","21.68","78.32",""
"2013-02-17 8:35 AM","172.2","20.47","79.53",""
"2013-02-16 7:25 AM","172.8","20.9","79.1",""
"2013-02-15 6:37 AM","171.9","22.5","77.5",""
"2013-02-14 7:16 AM","172","21.99","78.01",""
"2013-02-13 7:09 AM","171.7","21.82","78.18",""
"2013-02-12 6:56 AM","172","21.4","78.6",""
"2013-02-11 6:32 AM","173.6","20.87","79.13",""
"2013-02-07 7:28 AM","172.1","21.43","78.57",""
"2013-02-06 7:21 AM","173.7","21.46","78.54",""
"2013-02-05 6:32 AM","173.4","21.72","78.28",""
"2013-01-31 6:47 AM","172.1","14.87","85.13",""
"2013-01-30 7:01 AM","172.3","21.74","78.26",""
"2013-01-29 6:36 AM","172.5","21.5","78.5",""
"2013-01-28 6:37 AM","173.3","21.43","78.57",""
"2013-01-26 8:36 AM","172.7","23.98","76.02",""
"2013-01-25 7:13 AM","172.4","22.27","77.73",""
"2013-01-24 7:26 AM","173.1","22.02","77.98",""
"2013-01-21 6:34 AM","173.2","21.9","78.1",""
"2013-01-20 8:34 AM","173","21.88","78.12",""
"2013-01-18 7:42 AM","172.8","22.1","77.9",""
"2013-01-15 7:11 AM","172.7","22.12","77.88",""
"2013-01-14 6:57 AM","172.7","22.27","77.73",""
"2013-01-10 6:58 AM","171.5","22.09","77.91",""
"2013-01-09 7:17 AM","171.5","21.94","78.06",""
"2013-01-08 7:04 AM","171","22.36","77.64",""
"2013-01-07 6:29 AM","171.7","21.42","78.58",""
"2012-12-21 7:27 AM","170.9","21.1","78.9",""
"2012-12-20 7:39 AM","171.3","21.38","78.62",""
"2012-12-18 6:53 AM","171.7","21.16","78.84",""
"2012-12-17 7:09 AM","172.8","21.54","78.46",""
"2012-12-16 8:42 AM","171.4","20.82","79.18",""
"2012-12-10 7:21 AM","169.9","21.14","78.86",""
"2012-12-06 7:26 AM","170.3","21.37","78.63",""
"2012-12-05 6:50 AM","171.4","21.41","78.59",""
"2012-12-03 7:28 AM","170.4","21.01","78.99",""
"2012-11-30 7:31 AM","170.4","20.82","79.18",""
"2012-11-29 7:10 AM","168.4","20.84","79.16",""
"2012-11-28 7:03 AM","169.3","21.64","78.36",""
"2012-11-27 6:31 AM","169.9","21.09","78.91",""
"2012-11-26 7:19 AM","169.5","20.55","79.45",""
"2012-11-24 8:25 AM","169.3","20.2","79.8",""
"2012-11-21 7:08 AM","170","20.54","79.46",""
"2012-11-19 6:41 AM","167.2","20.29","79.71",""
"2012-11-15 7:50 AM","167.8","19.61","80.39",""
"2012-11-14 6:51 AM","167.9","20.62","79.38",""
"2012-11-13 7:25 AM","168","19.91","80.09",""
"2012-11-12 6:57 AM","167.3","20.83","79.17",""
"2012-10-26 6:53 AM","168.5","20.3","79.7",""
"2012-10-25 6:20 AM","168.5","19.92","80.08",""
"2012-10-24 6:30 AM","167.8","19.79","80.21",""
"2012-10-23 6:38 AM","167.7","20.69","79.31",""
"2012-10-22 6:19 AM","168.8","20.6","79.4",""
"2012-10-21 7:34 AM","168.9","21.44","78.56",""
"2012-10-20 10:01 AM","167.7","20.87","79.13",""
"2012-10-19 6:55 AM","168.9","20.77","79.23",""
"2012-10-17 7:01 AM","167.8","20.67","79.33",""
"2012-10-16 6:58 AM","167.6","20.33","79.67",""
"2012-10-15 6:42 AM","168.9","20.44","79.56",""
"2012-10-12 6:16 AM","167.4","20.71","79.29",""
"2012-10-11 7:23 AM","167.4","19.97","80.03",""
"2012-10-10 7:16 AM","167.9","20.38","79.62",""
"2012-10-09 6:46 AM","166.3","20.33","79.67",""
"2012-10-08 6:48 AM","167.9","20.66","79.34",""
"2012-10-07 9:15 AM","167.7","20.54","79.46",""
"2012-10-05 7:03 AM","167.2","20.36","79.64",""
"2012-10-04 6:47 AM","167","20.3","79.7",""
"2012-10-03 6:34 AM","167.9","20.52","79.48",""
"2012-10-02 6:40 AM","167.3","19.75","80.25",""
"2012-10-01 6:35 AM","167.6","20.42","79.58",""
"2012-09-30 8:42 AM","168","20.69","79.31",""
"2012-09-29 7:33 AM","167.3","20.81","79.19",""
"2012-09-28 7:17 AM","167.2","20.92","79.08",""
"2012-09-27 6:55 AM","167.7","20.68","79.32",""
"2012-09-26 6:34 AM","169.4","20.84","79.16",""
"2012-09-25 7:08 AM","167.4","20.1","79.9",""
"2012-09-24 7:22 AM","168.7","20.51","79.49",""
"2012-09-23 8:42 AM","167.2","19.8","80.2",""
"2012-09-22 7:18 AM","166.7","20.56","79.44",""
"2012-09-21 6:37 AM","166","20.45","79.55",""
"2012-09-20 7:00 AM","165.9","20.28","79.72",""
"2012-09-19 6:55 AM","167.4","19.5","80.5",""
"2012-09-18 7:31 AM","167.7","19.7","80.3",""
"2012-09-17 6:45 AM","167.6","20.27","79.73",""
"2012-09-16 8:57 AM","168.1","20.62","79.38",""
"2012-09-15 7:37 AM","168.1","20.39","79.61",""
"2012-09-14 7:19 AM","167.2","20.08","79.92",""
"2012-09-13 6:37 AM","167.1","20.37","79.63",""
"2012-09-12 6:15 AM","167.6","20.32","79.68",""
"2012-09-11 6:58 AM","167","20.52","79.48",""
"2012-09-10 6:26 AM","167.7","19.42","80.58",""
"2012-09-09 5:48 AM","167.9","20.27","79.73",""
"2012-09-08 8:02 AM","167.1","20.46","79.54",""
"2012-09-07 7:06 AM","166.3","20.36","79.64",""
"2012-09-06 6:48 AM","167.7","20.53","79.47",""
"2012-09-05 6:39 AM","168.2","20.65","79.35",""
"2012-09-04 7:06 AM","168.3","19.98","80.02",""
"2012-09-04 7:06 AM","168.2","","",""
"2012-09-03 8:32 AM","167.7","20.07","79.93",""
"2012-09-02 7:18 AM","167.4","19.68","80.32",""
"2012-09-01 6:56 AM","168.1","19.73","80.27",""
"2012-08-31 6:33 AM","169.2","20.52","79.48",""
"2012-08-30 7:37 AM","168.7","21.02","78.98",""
"2012-08-29 11:37 PM","167.8","","",""
"2012-08-29 7:25 AM","167.8","","",""
"2012-08-28 6:24 AM","168.8","20.44","79.56",""
"2012-08-26 8:53 AM","167.6","19.57","80.43",""
"2012-08-25 6:50 AM","167.8","19.82","80.18",""
"2012-08-24 6:51 AM","166.7","19.95","80.05",""
"2012-08-23 7:23 AM","167.4","20.51","79.49",""
"2012-08-22 6:51 AM","168.3","20.4","79.6",""
"2012-08-21 6:14 AM","168.2","20.27","79.73",""
"2012-08-20 7:03 AM","169","19.98","80.02",""
"2012-08-19 6:41 AM","170","20.41","79.59",""
"2012-08-18 9:21 AM","169.3","21.08","78.92",""
"2012-08-17 7:19 AM","168.4","19.58","80.42",""
"2012-08-17 6:32 AM","169.1","21.1","78.9",""
"2012-08-16 7:15 AM","167.8","20.56","79.44",""
"2012-08-15 7:26 AM","166.1","20.6","79.4",""
"2012-08-14 7:10 AM","168.2","20.27","79.73",""
"2012-08-13 6:51 AM","167.8","19.81","80.19",""
"2012-08-12 6:59 AM","167.9","20.17","79.83",""
"2012-08-11 10:20 AM","169.4","19.67","80.33",""
"2012-08-10 7:36 AM","168.7","19.08","80.92",""
"2012-08-09 6:36 AM","167.1","20.82","79.18",""
"2012-08-09 6:35 AM","167","20.78","79.22",""
"2012-08-08 7:27 AM","168.3","20.54","79.46",""
"2012-08-07 7:40 AM","168.2","21.11","78.89",""
"2012-08-06 7:39 AM","169.4","20.01","79.99",""
"2012-08-05 7:27 AM","170.4","20.97","79.03",""
"2012-08-03 7:36 AM","169.8","19.76","80.24",""
"2012-08-02 11:57 PM","171.1","","",""
"2012-07-14 4:59 AM","168.2","20.26","79.74",""
"2012-07-13 6:52 AM","168.3","20.1","79.9",""
"2012-07-11 7:13 AM","169.1","20.09","79.91",""
"2012-07-10 7:01 AM","168.5","20.12","79.88",""
"2012-07-09 6:31 AM","168.5","20.17","79.83",""
"2012-07-08 8:16 AM","167.7","20.47","79.53",""
"2012-07-07 7:05 AM","168.3","20.29","79.71",""
"2012-07-06 7:06 AM","169.2","20.74","79.26",""
"2012-07-05 7:14 AM","170.2","19.68","80.32",""
"2012-07-04 9:26 AM","168.4","19.94","80.06",""
"2012-07-03 6:36 AM","169.1","20.8","79.2",""
"2012-07-02 7:26 AM","168.8","19.8","80.2",""
"2012-07-01 6:42 AM","168.7","20.01","79.99",""
"2012-06-30 7:27 AM","169.4","20.38","79.62",""
"2012-06-29 7:28 AM","169.2","18.83","81.17",""
"2012-06-29 6:40 AM","170.1","20.04","79.96",""
"2012-06-28 7:24 AM","169.2","20.26","79.74",""
"2012-06-27 7:25 AM","168","19.91","80.09",""
"2012-06-26 6:31 AM","168.8","19.9","80.1",""
"2012-06-25 6:34 AM","170.6","19.9","80.1",""
"2012-06-24 8:38 AM","169.1","20.32","79.68",""
"2012-06-23 7:25 AM","169.4","20.04","79.96",""
"2012-06-23 12:03 AM","171.6","19.54","80.46",""
"2012-06-22 6:50 AM","170","19.86","80.14",""
"2012-06-21 6:45 AM","170.3","20.49","79.51",""
"2012-06-20 6:46 AM","169.3","20.05","79.95",""
"2012-06-19 6:26 AM","169.9","20.16","79.84",""
"2012-06-18 6:41 AM","172.6","19.91","80.09",""
"2012-06-17 9:19 AM","172.1","21.05","78.95",""
"2012-06-16 7:25 AM","169.8","20.56","79.44",""
"2012-06-15 6:31 AM","170.2","20.45","79.55",""
"2012-06-14 7:20 AM","171.2","20.89","79.11",""
"2012-06-11 6:56 AM","171.2","20.74","79.26",""
"2012-06-10 7:58 AM","171","20.77","79.23",""
"2012-06-09 6:56 AM","170.9","20.35","79.65",""
"2012-06-08 6:19 AM","169.2","21.07","78.93",""
"2012-06-07 6:58 AM","168.9","20.68","79.32",""
"2012-06-06 7:06 AM","168.2","20.76","79.24",""
"2012-06-05 6:30 AM","169","20.67","79.33",""
"2012-06-04 7:14 AM","170","20.82","79.18",""
"2012-06-03 8:12 AM","170","20.82","79.18",""
"2012-06-02 8:34 AM","170.3","20.63","79.37",""
"2012-06-01 6:58 AM","169.8","21.14","78.86",""
"2012-05-31 7:09 AM","170","21.06","78.94",""
"2012-05-30 7:00 AM","170.5","20.88","79.12",""
"2012-05-29 6:48 AM","171.3","20.92","79.08",""
"2012-05-25 7:00 AM","170.1","21.28","78.72",""
"2012-05-24 6:55 AM","169.9","20.25","79.75",""
"2012-05-23 7:22 AM","170.4","20.22","79.78",""
"2012-05-22 7:07 AM","169.8","20.75","79.25",""
"2012-05-21 6:50 AM","170.4","20.56","79.44",""
"2012-05-20 7:30 AM","169.9","20.92","79.08",""
"2012-05-18 7:02 AM","169.2","21.44","78.56",""
"2012-05-17 7:04 AM","170.5","21.12","78.88",""
"2012-05-16 7:15 AM","170.2","20.83","79.17",""
"2012-05-15 6:53 AM","170.1","20.89","79.11",""
"2012-05-14 6:51 AM","169.5","21.02","78.98",""
"2012-05-12 8:07 AM","169.3","21.14","78.86",""
"2012-05-11 6:52 AM","170.4","21.18","78.82",""
"2012-05-10 7:12 AM","168.4","20.44","79.56",""
"2012-05-09 6:51 AM","169.6","21.09","78.91",""
"2012-05-08 7:18 AM","170","21.15","78.85",""
"2012-05-07 7:10 AM","170.4","20.36","79.64",""
"2012-05-04 6:48 AM","169.1","20.78","79.22",""
"2012-05-03 7:07 AM","168.8","20.87","79.13",""
"2012-05-02 6:48 AM","169.3","20.51","79.49",""
"2012-05-01 7:39 AM","169.8","20.93","79.07",""
"2012-04-30 7:00 AM","170.1","20.5","79.5",""
"2012-04-27 6:53 AM","168.4","20.86","79.14",""
"2012-04-26 7:15 AM","169.2","20.96","79.04",""
"2012-04-25 7:04 AM","170.2","21.02","78.98",""
"2012-04-24 7:36 AM","169.4","21.12","78.88",""
"2012-04-23 6:53 AM","171","20.81","79.19",""
"2012-04-22 9:11 AM","170.2","20.82","79.18",""
"2012-04-21 8:23 AM","169.3","20.61","79.39",""
"2012-04-20 6:54 AM","170.6","21.19","78.81",""
"2012-04-19 7:14 AM","170.3","21.34","78.66",""
"2012-04-18 6:54 AM","169.6","21.14","78.86",""
"2012-04-17 6:56 AM","172","20.95","79.05",""
"2012-04-13 7:07 AM","170.6","20.75","79.25",""
"2012-04-12 6:41 AM","170.3","21.72","78.28",""
"2012-04-11 6:59 AM","171.1","21.27","78.73",""
"2012-04-10 6:40 AM","171.2","20.72","79.28",""
"2012-04-09 7:23 AM","172","20.99","79.01",""
"2012-04-05 9:25 AM","171","21.19","78.81",""
"2012-04-04 8:51 AM","170.4","21.17","78.83",""
"2012-04-03 7:09 AM","170.5","20.86","79.14",""
"2012-04-02 6:50 AM","171.7","20.58","79.42",""
"2012-04-01 8:24 AM","171.4","20.49","79.51",""
"2012-03-30 7:09 AM","170","21.09","78.91",""
"2012-03-29 6:39 AM","169.6","20.03","79.97",""
"2012-03-28 7:17 AM","169.1","21.25","78.75",""
"2012-03-27 7:18 AM","170","21.08","78.92",""
"2012-03-26 7:03 AM","170.9","21.45","78.55",""
"2012-03-24 7:58 AM","171.5","20.81","79.19",""
"2012-03-23 7:12 AM","171.2","21.06","78.94",""
"2012-03-22 7:21 AM","171","20.94","79.06",""
"2012-03-21 7:16 AM","170.9","21.1","78.9",""
"2012-03-20 7:02 AM","172.3","20.43","79.57",""
"2012-03-19 7:00 AM","171.5","20.76","79.24",""
"2012-03-15 7:03 AM","170.2","21.05","78.95",""
"2012-03-14 7:34 AM","170.2","19.99","80.01",""
"2012-03-10 5:32 AM","170.6","20.74","79.26",""
"2012-03-09 6:54 AM","171.1","20.24","79.76",""
"2012-03-08 6:49 AM","170","20.21","79.79",""
"2012-03-07 7:36 AM","169.1","21.24","78.76",""
"2012-03-06 7:13 AM","169.5","21.09","78.91",""
"2012-03-05 6:27 AM","171.1","20.77","79.23",""
"2012-03-03 9:21 AM","169.8","20.91","79.09",""
"2012-03-02 6:42 AM","169.6","21.22","78.78",""
"2012-03-01 6:59 AM","169.8","21.44","78.56",""
"2012-02-29 4:51 AM","171.4","21.11","78.89",""
"2012-02-28 6:52 AM","169.9","21.33","78.67",""
"2012-02-27 7:05 AM","171","20.93","79.07",""
"2012-02-26 8:01 AM","171.3","20.54","79.46",""
"2012-02-23 7:08 AM","170","20.93","79.07",""
"2012-02-23 7:08 AM","169.9","20.99","79.01",""
"2012-02-22 6:04 AM","170.1","20.43","79.57",""
"2012-02-21 6:42 AM","170.1","21.11","78.89",""
"2012-02-20 7:05 AM","171.1","21.11","78.89",""
"2012-02-19 8:28 AM","171.4","20.86","79.14",""
"2012-02-18 4:50 PM","171.1","20.38","79.62",""
"2012-02-18 6:49 AM","169.2","20.74","79.26",""
"2012-02-17 6:53 AM","169.9","20.8","79.2",""
"2012-02-16 6:52 AM","169.5","20.65","79.35",""
"2012-02-15 7:09 AM","169","20.91","79.09",""
"2012-02-14 7:23 AM","169.4","21.14","78.86",""
"2012-02-14 7:21 AM","170.1","21.1","78.9",""
"2012-02-13 6:30 AM","170","21.07","78.93",""
"2012-02-12 8:02 AM","170.5","21.38","78.62",""
"2012-02-11 9:01 AM","169.5","20.65","79.35",""
"2012-02-10 6:13 AM","169.8","19.94","80.06",""
"2012-02-09 7:04 AM","169.5","21.22","78.78",""
"2012-02-08 6:00 AM","170.9","20.21","79.79",""
"2012-02-07 6:54 AM","170.2","20.75","79.25",""
"2012-02-06 7:12 AM","171.1","21.84","78.16",""
"2012-02-05 8:02 AM","170.2","21.18","78.82",""
"2012-02-04 8:02 AM","170.1","21.34","78.66",""
"2012-02-03 6:21 AM","170.2","20.55","79.45",""
"2012-02-02 6:37 AM","169.8","20.52","79.48",""
"2012-02-01 6:36 AM","169.4","21.47","78.53",""
"2012-01-31 7:05 AM","169.6","20.92","79.08",""
"2012-01-30 7:22 AM","171.2","21.63","78.37",""
"2012-01-28 9:50 AM","172.1","21.3","78.7",""
"2012-01-27 7:05 AM","171.3","21.36","78.64",""
"2012-01-26 7:05 AM","170.1","21.43","78.57",""
"2012-01-25 7:05 AM","168.8","21.17","78.83",""
"2012-01-24 7:15 AM","168.8","20.65","79.35",""
"2012-01-23 7:17 AM","171.3","20.63","79.37",""
"2012-01-22 7:22 AM","170.3","21.6","78.4",""
"2012-01-21 8:18 AM","170.7","21.59","78.41",""
"2012-01-20 7:17 AM","170.1","21.77","78.23",""
"2012-01-19 7:09 AM","170","21.98","78.02",""
"2012-01-18 7:05 AM","169.8","21.71","78.29",""
"2012-01-17 7:32 AM","170.6","21.6","78.4",""
"2012-01-16 7:00 AM","171.9","21.23","78.77",""
"2012-01-15 7:39 AM","173.5","22.18","77.82","detox starts here
"
"2012-01-14 7:40 AM","172.4","22.49","77.51",""
"2012-01-13 7:21 AM","173.4","21.74","78.26",""
"2012-01-12 7:16 AM","173.6","21.6","78.4",""
"2012-01-11 7:09 AM","173.9","22","78",""
"2012-01-10 7:09 AM","174.1","21.06","78.94",""
"2012-01-09 7:08 AM","173.1","22.19","77.81",""
"2012-01-08 8:43 AM","174.6","21.58","78.42",""
"2012-01-07 10:00 AM","173.4","21.13","78.87",""
"2012-01-06 7:03 AM","173.9","21.69","78.31",""
"2012-01-05 7:56 PM","174.7","22.44","77.56",""
"2012-01-05 7:02 AM","173.8","21.97","78.03",""
"2012-01-04 6:29 AM","174.7","21.71","78.29",""
"2012-01-03 6:34 AM","174.5","22.42","77.58",""
"2012-01-02 8:03 AM","174.7","22.38","77.62",""
"2011-12-31 10:37 AM","174.5","20.31","79.69",""
"2011-12-30 7:40 AM","173.2","21.41","78.59",""
"2011-12-29 8:12 AM","172.8","21.52","78.48",""
"2011-12-28 7:14 AM","174.2","22.22","77.78",""
"2011-12-26 8:22 AM","173.2","20.91","79.09",""
"2011-12-24 7:34 AM","172","21.35","78.65",""
"2011-12-23 7:34 AM","173","21.1","78.9",""
"2011-12-22 7:15 AM","172","21.65","78.35",""
"2011-12-21 7:30 AM","172.2","21.57","78.43",""
"2011-12-21 12:00 AM","173.7","20.76","79.24",""
"2011-12-20 7:17 AM","172.1","22.28","77.72",""
"2011-12-19 7:24 AM","171.4","21.93","78.07",""
"2011-12-18 7:59 AM","172.1","21.33","78.67",""
"2011-12-17 9:44 PM","173.6","20.73","79.27",""
"2011-12-17 9:00 AM","171.4","22.02","77.98",""
"2011-12-16 7:42 AM","172.8","20.76","79.24",""
"2011-12-16 7:41 AM","172.6","20.9","79.1",""
"2011-12-15 7:20 AM","172.5","22.46","77.54",""
"2011-12-14 7:09 AM","170.2","21.94","78.06",""
"2011-12-13 7:08 AM","170.3","22.17","77.83",""
"2011-12-12 7:13 AM","170.5","22.33","77.67",""
"2011-12-11 9:05 PM","171.5","21.37","78.63",""
"2011-12-11 8:49 AM","172.1","21.13","78.87",""
"2011-12-11 12:25 AM","173.8","19.77","80.23",""
"2011-12-10 9:36 PM","173.8","20.84","79.16",""
"2011-12-10 8:00 AM","171.8","","",""
"2011-12-10 8:00 AM","171.8","","",""
"2011-12-10 8:00 AM","171.8","","",""
"2011-12-10 8:00 AM","171.8","","",""
"2011-12-10 8:00 AM","171.8","","",""
"2011-12-10 7:57 AM","172","19.13","80.87",""
"2011-12-09 8:00 AM","171.2","","",""
"2011-12-09 8:00 AM","171.2","","",""
"2011-12-09 8:00 AM","171.2","","",""
"2011-12-09 8:00 AM","171.2","","",""
"2011-12-09 8:00 AM","171.2","","",""
"2011-12-09 7:08 AM","171.2","19.34","80.66",""
"2011-12-08 11:13 PM","172.7","19.33","80.67",""
"2011-12-08 11:12 PM","172.4","19.24","80.76",""
"2011-12-08 10:31 PM","172.2","19.19","80.81",""
"2011-12-08 10:23 PM","172","","",""
"2011-12-08 8:00 AM","170.8","","",""
"2011-12-08 8:00 AM","170.8","","",""
"2011-12-08 8:00 AM","170.8","","",""
"2011-12-08 8:00 AM","170.8","","",""
"2011-12-08 8:00 AM","170.8","","",""
"2011-12-06 8:00 AM","171","","",""
"2011-12-06 8:00 AM","171","","",""
"2011-12-06 8:00 AM","171","","",""
"2011-12-06 8:00 AM","171","","",""
"2011-12-06 8:00 AM","171","","",""
"2011-12-05 8:00 AM","171","","",""
"2011-12-05 8:00 AM","171","","",""
"2011-12-05 8:00 AM","171","","",""
"2011-12-05 8:00 AM","171","","",""
"2011-12-05 8:00 AM","171","","",""
"2011-12-04 8:00 AM","171","","",""
"2011-12-04 8:00 AM","171","","",""
"2011-12-04 8:00 AM","171","","",""
"2011-12-04 8:00 AM","171","","",""
"2011-12-04 8:00 AM","171","","",""
"2011-12-03 8:00 AM","172.4","","",""
"2011-12-03 8:00 AM","172.4","","",""
"2011-12-03 8:00 AM","172.4","","",""
"2011-12-03 8:00 AM","172.4","","",""
"2011-12-03 8:00 AM","172.4","","",""
"2011-12-02 8:00 AM","170.4","","",""
"2011-12-02 8:00 AM","170.4","","",""
"2011-12-02 8:00 AM","170.4","","",""
"2011-12-02 8:00 AM","170.4","","",""
"2011-12-02 8:00 AM","170.4","","",""
"2011-12-01 8:00 AM","170.6","","",""
"2011-12-01 8:00 AM","170.6","","",""
"2011-12-01 8:00 AM","170.6","","",""
"2011-12-01 8:00 AM","170.6","","",""
"2011-12-01 8:00 AM","170.6","","",""
"2011-11-30 8:00 AM","171.6","","",""
"2011-11-30 8:00 AM","171.6","","",""
"2011-11-30 8:00 AM","171.6","","",""
"2011-11-30 8:00 AM","171.6","","",""
"2011-11-30 8:00 AM","171.6","","",""
"2011-11-29 8:00 AM","171.8","","",""
"2011-11-29 8:00 AM","171.8","","",""
"2011-11-29 8:00 AM","171.8","","",""
"2011-11-29 8:00 AM","171.8","","",""
"2011-11-29 8:00 AM","171.8","","",""
"2011-11-28 8:00 AM","172.6","","",""
"2011-11-28 8:00 AM","172.6","","",""
"2011-11-28 8:00 AM","172.6","","",""
"2011-11-28 8:00 AM","172.6","","",""
"2011-11-28 8:00 AM","172.6","","",""
"2011-11-27 8:00 AM","173","","",""
"2011-11-27 8:00 AM","173","","",""
"2011-11-27 8:00 AM","173","","",""
"2011-11-27 8:00 AM","173","","",""
"2011-11-27 8:00 AM","173","","",""
"2011-11-26 8:00 AM","173.8","","",""
"2011-11-26 8:00 AM","173.8","","",""
"2011-11-26 8:00 AM","173.8","","",""
"2011-11-26 8:00 AM","173.8","","",""
"2011-11-26 8:00 AM","173.8","","",""
"2011-11-25 8:00 AM","172.4","","",""
"2011-11-25 8:00 AM","172.4","","",""
"2011-11-25 8:00 AM","172.4","","",""
"2011-11-25 8:00 AM","172.4","","",""
"2011-11-25 8:00 AM","172.4","","",""
"2011-11-24 8:00 AM","171.8","","",""
"2011-11-24 8:00 AM","171.8","","",""
"2011-11-24 8:00 AM","171.8","","",""
"2011-11-24 8:00 AM","171.8","","",""
"2011-11-24 8:00 AM","171.8","","",""
"2011-11-23 8:00 AM","172.4","","",""
"2011-11-23 8:00 AM","172.4","","",""
"2011-11-23 8:00 AM","172.4","","",""
"2011-11-23 8:00 AM","172.4","","",""
"2011-11-23 8:00 AM","172.4","","",""
"2011-11-22 8:00 AM","173.6","","",""
"2011-11-22 8:00 AM","173.6","","",""
"2011-11-22 8:00 AM","173.6","","",""
"2011-11-22 8:00 AM","173.6","","",""
"2011-11-22 8:00 AM","173.6","","",""
"2011-11-21 8:00 AM","173.2","","",""
"2011-11-21 8:00 AM","173.2","","",""
"2011-11-21 8:00 AM","173.2","","",""
"2011-11-21 8:00 AM","173.2","","",""
"2011-11-21 8:00 AM","173.2","","",""
"2011-11-20 8:00 AM","174","","",""
"2011-11-20 8:00 AM","174","","",""
"2011-11-20 8:00 AM","174","","",""
"2011-11-20 8:00 AM","174","","",""
"2011-11-20 8:00 AM","174","","",""
"2011-11-19 8:00 AM","173.2","","",""
"2011-11-19 8:00 AM","173.2","","",""
"2011-11-19 8:00 AM","173.2","","",""
"2011-11-19 8:00 AM","173.2","","",""
"2011-11-19 8:00 AM","173.2","","",""
"2011-11-18 8:00 AM","174","","",""
"2011-11-18 8:00 AM","174","","",""
"2011-11-18 8:00 AM","174","","",""
"2011-11-18 8:00 AM","174","","",""
"2011-11-18 8:00 AM","174","","",""
"2011-11-17 8:00 AM","173.2","","",""
"2011-11-17 8:00 AM","173.2","","",""
"2011-11-17 8:00 AM","173.2","","",""
"2011-11-17 8:00 AM","173.2","","",""
"2011-11-17 8:00 AM","173.2","","",""
"2011-11-16 8:00 AM","173.8","","",""
"2011-11-16 8:00 AM","173.8","","",""
"2011-11-16 8:00 AM","173.8","","",""
"2011-11-16 8:00 AM","173.8","","",""
"2011-11-16 8:00 AM","173.8","","",""
"2011-11-15 8:00 AM","174.2","","",""
"2011-11-15 8:00 AM","174.2","","",""
"2011-11-15 8:00 AM","174.2","","",""
"2011-11-15 8:00 AM","174.2","","",""
"2011-11-15 8:00 AM","174.2","","",""
"2011-11-14 8:00 AM","173.8","","",""
"2011-11-14 8:00 AM","173.8","","",""
"2011-11-14 8:00 AM","173.8","","",""
"2011-11-14 8:00 AM","173.8","","",""
"2011-11-14 8:00 AM","173.8","","",""
"2011-11-13 8:00 AM","174.8","","",""
"2011-11-13 8:00 AM","174.8","","",""
"2011-11-13 8:00 AM","174.8","","",""
"2011-11-13 8:00 AM","174.8","","",""
"2011-11-13 8:00 AM","174.8","","",""
"2011-11-12 8:00 AM","175","","",""
"2011-11-12 8:00 AM","175","","",""
"2011-11-12 8:00 AM","175","","",""
"2011-11-12 8:00 AM","175","","",""
"2011-11-12 8:00 AM","175","","",""
"2011-11-11 8:00 AM","175.8","","",""
"2011-11-11 8:00 AM","175.8","","",""
"2011-11-11 8:00 AM","175.8","","",""
"2011-11-11 8:00 AM","175.8","","",""
"2011-11-11 8:00 AM","175.8","","",""
"2011-11-10 8:00 AM","175","","",""
"2011-11-10 8:00 AM","175","","",""
"2011-11-10 8:00 AM","175","","",""
"2011-11-10 8:00 AM","175","","",""
"2011-11-10 8:00 AM","175","","",""